"PartitionKey","RowKey","WeekNumber","MonthNumber","YearNumber","Duration"
"343a795c-7ee4-40d1-8ef5-f93b85059a50","32_8_2020","32","8","2020","36"
"49c65b55-8526-495b-94f2-3c653e2c1fb4","18_4_2020","18","4","2020","30.75"
"75684d5f-2ab3-4aa8-a82b-e084b10f94b4","22_5_2020","22","5","2020","40"
"54573d03-85a0-4b2c-80e5-f3f4549e266b","33_8_2020","33","8","2020","38.25"
"2da05f36-663d-45bd-bf97-407b305b74bf","32_8_2020","32","8","2020","37"
"cc7eed86-e4df-4f32-a3d6-1f48a0bc7d98","26_6_2020","26","6","2020","40.5"
"89fe4a65-76ab-4126-82e2-52f425c11f21","33_8_2020","33","8","2020","40.25"
"8aa34fdd-8885-4c15-a445-0b413705a326","25_6_2020","25","6","2020","40"
"7cdcb7be-32fa-4231-8271-549422721c9b","22_5_2020","22","5","2020","40.75"
"89a590ca-884f-4936-b62d-c8f76d79002c","25_6_2020","25","6","2020","40.5"
"583ee621-6cb0-4fb0-b82e-f60232e3e57e","33_8_2020","33","8","2020","40.25"
"e716fa8b-62e8-463e-afad-ffbef362ade6","22_5_2020","22","5","2020","39.75"
"be11fac5-4825-4caa-b0d5-1e3b4f0ecae9","22_5_2020","22","5","2020","40"
"583ee621-6cb0-4fb0-b82e-f60232e3e57e","25_6_2020","25","6","2020","39.5"
"4b9d592d-50e5-423c-b7e3-175aeea7e139","21_5_2020","21","5","2020","32"
"f3c0fc94-161b-4960-ae2c-82fa663d1143","19_5_2020","19","5","2020","40"
"2da05f36-663d-45bd-bf97-407b305b74bf","33_8_2020","33","8","2020","45.25"
"583ee621-6cb0-4fb0-b82e-f60232e3e57e","28_7_2020","28","7","2020","38.75"
"d1515707-ab10-49c1-893e-a60b70bd0364","22_5_2020","22","5","2020","40.25"
"e881fa18-07fa-4d42-b765-66644d717b65","32_8_2020","32","8","2020","40.5"
"e072544b-169c-4b5f-89ab-391faece6499","25_6_2020","25","6","2020","41.25"
"fcf15fac-0256-49af-b093-0235c4585e34","24_6_2020","24","6","2020","43.41666666666667"
"cc7eed86-e4df-4f32-a3d6-1f48a0bc7d98","27_7_2020","27","7","2020","24"
"0d2a7e56-1519-4225-b7e3-ee857fd014d2","23_6_2020","23","6","2020","32"
"75684d5f-2ab3-4aa8-a82b-e084b10f94b4","24_6_2020","24","6","2020","40"
"2da05f36-663d-45bd-bf97-407b305b74bf","23_6_2020","23","6","2020","40.25"
"54573d03-85a0-4b2c-80e5-f3f4549e266b","21_5_2020","21","5","2020","33"
"9b673e40-f3c2-4bc6-ab78-06cf0e33bac3","33_8_2020","33","8","2020","40"
"f3c0fc94-161b-4960-ae2c-82fa663d1143","16_4_2020","16","4","2020","33"
"a415e194-bf55-4e97-8ee7-a7fa540ecc8e","19_5_2020","19","5","2020","44.5"
"49c65b55-8526-495b-94f2-3c653e2c1fb4","21_5_2020","21","5","2020","30.75"
"89fe4a65-76ab-4126-82e2-52f425c11f21","22_5_2020","22","5","2020","41"
"9fbd8b04-ea58-47df-bacb-6f14eedec3fa","25_6_2020","25","6","2020","40"
"fcf15fac-0256-49af-b093-0235c4585e34","25_6_2020","25","6","2020","35.5"
"fcf15fac-0256-49af-b093-0235c4585e34","21_5_2020","21","5","2020","31"
"19ba4751-2172-4be0-bf24-54c8ee2ee1c4","15_4_2020","15","4","2020","24.5"
"b6380033-1ff3-456e-b518-a7666e0c72e7","33_8_2020","33","8","2020","40"
"32cff9bb-65a2-4122-ad00-399992f58ea6","27_7_2020","27","7","2020","27.5"
"583ee621-6cb0-4fb0-b82e-f60232e3e57e","16_4_2020","16","4","2020","32"
"360c64e0-63a2-409c-b2f2-5a73c3bdf70b","22_5_2020","22","5","2020","39"
"41c4233e-bb22-44f2-bcb4-8f01061c0c28","19_5_2020","19","5","2020","53.5"
"9fbd8b04-ea58-47df-bacb-6f14eedec3fa","29_7_2020","29","7","2020","40"
"49c65b55-8526-495b-94f2-3c653e2c1fb4","33_8_2020","33","8","2020","42.5"
"e0778632-e76a-49ba-9b1d-eb01eb8d8df5","23_6_2020","23","6","2020","30"
"f3c0fc94-161b-4960-ae2c-82fa663d1143","22_5_2020","22","5","2020","40"
"89a590ca-884f-4936-b62d-c8f76d79002c","28_7_2020","28","7","2020","40"
"89fe4a65-76ab-4126-82e2-52f425c11f21","32_8_2020","32","8","2020","40.75"
"e072544b-169c-4b5f-89ab-391faece6499","24_6_2020","24","6","2020","40.5"
"fcf15fac-0256-49af-b093-0235c4585e34","23_6_2020","23","6","2020","32"
"6c9b5da3-bd2e-460c-98d9-f30f76867355","33_8_2020","33","8","2020","40"
"6c9b5da3-bd2e-460c-98d9-f30f76867355","23_6_2020","23","6","2020","32"
"1847f009-b425-4e62-8286-f20e52fb7ef5","32_8_2020","32","8","2020","37.75"
"fcf15fac-0256-49af-b093-0235c4585e34","33_8_2020","33","8","2020","40.5"
"fcf15fac-0256-49af-b093-0235c4585e34","32_8_2020","32","8","2020","39.5"
"75684d5f-2ab3-4aa8-a82b-e084b10f94b4","2_1_2020","2","1","2020","41"
"7cdcb7be-32fa-4231-8271-549422721c9b","25_6_2020","25","6","2020","41"
"41c4233e-bb22-44f2-bcb4-8f01061c0c28","30_7_2020","30","7","2020","40"
"f3c0fc94-161b-4960-ae2c-82fa663d1143","32_8_2020","32","8","2020","40"
"e716fa8b-62e8-463e-afad-ffbef362ade6","26_6_2020","26","6","2020","40"
"2da05f36-663d-45bd-bf97-407b305b74bf","27_6_2020","27","6","2020","18"
"e716fa8b-62e8-463e-afad-ffbef362ade6","25_6_2020","25","6","2020","47"
"7cdcb7be-32fa-4231-8271-549422721c9b","24_6_2020","24","6","2020","40.5"
"4b9d592d-50e5-423c-b7e3-175aeea7e139","28_7_2020","28","7","2020","40"
"dc12c3f1-9757-4406-a012-57758bcad921","23_6_2020","23","6","2020","32"
"a415e194-bf55-4e97-8ee7-a7fa540ecc8e","33_8_2020","33","8","2020","40"
"343a795c-7ee4-40d1-8ef5-f93b85059a50","22_5_2020","22","5","2020","36.5"
"41c4233e-bb22-44f2-bcb4-8f01061c0c28","23_6_2020","23","6","2020","38.5"
"f3c0fc94-161b-4960-ae2c-82fa663d1143","26_6_2020","26","6","2020","40"
"6c9b5da3-bd2e-460c-98d9-f30f76867355","21_5_2020","21","5","2020","35"
"cc7eed86-e4df-4f32-a3d6-1f48a0bc7d98","23_6_2020","23","6","2020","34.5"
"fcf15fac-0256-49af-b093-0235c4585e34","22_5_2020","22","5","2020","40"
"f3c0fc94-161b-4960-ae2c-82fa663d1143","20_5_2020","20","5","2020","40"
"2da05f36-663d-45bd-bf97-407b305b74bf","22_5_2020","22","5","2020","41"
"54573d03-85a0-4b2c-80e5-f3f4549e266b","23_6_2020","23","6","2020","31.25"
"19ba4751-2172-4be0-bf24-54c8ee2ee1c4","25_6_2020","25","6","2020","49"
"19ba4751-2172-4be0-bf24-54c8ee2ee1c4","27_6_2020","27","6","2020","17"
"d1515707-ab10-49c1-893e-a60b70bd0364","25_6_2020","25","6","2020","42.5"
"5880d293-567a-4b4a-bdb4-3cf7d9315181","24_6_2020","24","6","2020","40.5"
"19ba4751-2172-4be0-bf24-54c8ee2ee1c4","26_6_2020","26","6","2020","41"
"7cdcb7be-32fa-4231-8271-549422721c9b","26_6_2020","26","6","2020","40.75"
"19ba4751-2172-4be0-bf24-54c8ee2ee1c4","23_6_2020","23","6","2020","33.5"
"cc7eed86-e4df-4f32-a3d6-1f48a0bc7d98","27_6_2020","27","6","2020","16"
"fcf15fac-0256-49af-b093-0235c4585e34","27_7_2020","27","7","2020","24.5"
"4b9d592d-50e5-423c-b7e3-175aeea7e139","27_7_2020","27","7","2020","24"
"b6380033-1ff3-456e-b518-a7666e0c72e7","30_7_2020","30","7","2020","40"
"32cff9bb-65a2-4122-ad00-399992f58ea6","30_7_2020","30","7","2020","40"
"5880d293-567a-4b4a-bdb4-3cf7d9315181","33_8_2020","33","8","2020","41.75"
"fcf15fac-0256-49af-b093-0235c4585e34","27_6_2020","27","6","2020","17.25"
"360c64e0-63a2-409c-b2f2-5a73c3bdf70b","21_5_2020","21","5","2020","33.75"
"d1515707-ab10-49c1-893e-a60b70bd0364","33_8_2020","33","8","2020","40"
"49c65b55-8526-495b-94f2-3c653e2c1fb4","32_8_2020","32","8","2020","36.5"
"f3c0fc94-161b-4960-ae2c-82fa663d1143","18_4_2020","18","4","2020","34"
"343a795c-7ee4-40d1-8ef5-f93b85059a50","8_2_2020","8","2","2020","38"
"be11fac5-4825-4caa-b0d5-1e3b4f0ecae9","16_4_2020","16","4","2020","32"
"fcf15fac-0256-49af-b093-0235c4585e34","28_7_2020","28","7","2020","40"
"9fbd8b04-ea58-47df-bacb-6f14eedec3fa","26_6_2020","26","6","2020","41"
"a415e194-bf55-4e97-8ee7-a7fa540ecc8e","22_5_2020","22","5","2020","40.5"
"5880d293-567a-4b4a-bdb4-3cf7d9315181","32_8_2020","32","8","2020","39"
"8aa34fdd-8885-4c15-a445-0b413705a326","23_6_2020","23","6","2020","32"
"f3c0fc94-161b-4960-ae2c-82fa663d1143","33_8_2020","33","8","2020","45"
"dc12c3f1-9757-4406-a012-57758bcad921","3_1_2020","3","1","2020","41.5"
"6c9b5da3-bd2e-460c-98d9-f30f76867355","25_6_2020","25","6","2020","37.5"
"32cff9bb-65a2-4122-ad00-399992f58ea6","32_8_2020","32","8","2020","40"
"451a7fae-82fb-40f7-b9d1-c71ab4fdef32","32_8_2020","32","8","2020","40"
"8aa34fdd-8885-4c15-a445-0b413705a326","27_7_2020","27","7","2020","24"
"b4c98e99-8265-4890-85fa-04aff6ab5b13","33_8_2020","33","8","2020","40"
"be11fac5-4825-4caa-b0d5-1e3b4f0ecae9","24_6_2020","24","6","2020","40"
"2da05f36-663d-45bd-bf97-407b305b74bf","24_6_2020","24","6","2020","39.666666666666664"
"451a7fae-82fb-40f7-b9d1-c71ab4fdef32","27_7_2020","27","7","2020","24.916666666666664"
"32cff9bb-65a2-4122-ad00-399992f58ea6","29_7_2020","29","7","2020","40"
"54573d03-85a0-4b2c-80e5-f3f4549e266b","25_6_2020","25","6","2020","41"
"e881fa18-07fa-4d42-b765-66644d717b65","25_6_2020","25","6","2020","40.25"
"9fbd8b04-ea58-47df-bacb-6f14eedec3fa","28_7_2020","28","7","2020","38"
"360c64e0-63a2-409c-b2f2-5a73c3bdf70b","26_6_2020","26","6","2020","41"
"49c65b55-8526-495b-94f2-3c653e2c1fb4","22_5_2020","22","5","2020","42.75"
"6be2988f-3a43-4d88-b331-5d37b4a7aaab","22_5_2020","22","5","2020","43.5"
"583ee621-6cb0-4fb0-b82e-f60232e3e57e","26_6_2020","26","6","2020","40.25"
"89fe4a65-76ab-4126-82e2-52f425c11f21","24_6_2020","24","6","2020","41"
"8aa34fdd-8885-4c15-a445-0b413705a326","30_7_2020","30","7","2020","40"
"5880d293-567a-4b4a-bdb4-3cf7d9315181","26_6_2020","26","6","2020","42.25"
"cc7eed86-e4df-4f32-a3d6-1f48a0bc7d98","24_6_2020","24","6","2020","39"
"0d2a7e56-1519-4225-b7e3-ee857fd014d2","32_8_2020","32","8","2020","40"
"5880d293-567a-4b4a-bdb4-3cf7d9315181","27_7_2020","27","7","2020","23.5"
"89fe4a65-76ab-4126-82e2-52f425c11f21","18_4_2020","18","4","2020","36.5"
"89fe4a65-76ab-4126-82e2-52f425c11f21","18_5_2020","18","5","2020","1"
"cc7eed86-e4df-4f32-a3d6-1f48a0bc7d98","33_8_2020","33","8","2020","37.5"
"be11fac5-4825-4caa-b0d5-1e3b4f0ecae9","29_7_2020","29","7","2020","40"
"e0778632-e76a-49ba-9b1d-eb01eb8d8df5","32_8_2020","32","8","2020","40"
"0d2a7e56-1519-4225-b7e3-ee857fd014d2","33_8_2020","33","8","2020","40"
"e881fa18-07fa-4d42-b765-66644d717b65","26_6_2020","26","6","2020","40"
"360c64e0-63a2-409c-b2f2-5a73c3bdf70b","25_6_2020","25","6","2020","45.83333333333333"
"360c64e0-63a2-409c-b2f2-5a73c3bdf70b","23_6_2020","23","6","2020","32.25"
"32cff9bb-65a2-4122-ad00-399992f58ea6","23_6_2020","23","6","2020","40"
"9fbd8b04-ea58-47df-bacb-6f14eedec3fa","32_8_2020","32","8","2020","40"
"451a7fae-82fb-40f7-b9d1-c71ab4fdef32","23_6_2020","23","6","2020","32.08333333333333"
"6c9b5da3-bd2e-460c-98d9-f30f76867355","24_6_2020","24","6","2020","42.5"
"f3c0fc94-161b-4960-ae2c-82fa663d1143","24_6_2020","24","6","2020","40"
"fcf15fac-0256-49af-b093-0235c4585e34","26_6_2020","26","6","2020","43.416666666666664"
"89a590ca-884f-4936-b62d-c8f76d79002c","33_8_2020","33","8","2020","40"
"4b9d592d-50e5-423c-b7e3-175aeea7e139","23_6_2020","23","6","2020","32"
"19ba4751-2172-4be0-bf24-54c8ee2ee1c4","33_8_2020","33","8","2020","44.5"
"7cdcb7be-32fa-4231-8271-549422721c9b","27_6_2020","27","6","2020","17"
"75684d5f-2ab3-4aa8-a82b-e084b10f94b4","25_6_2020","25","6","2020","41.5"
"360c64e0-63a2-409c-b2f2-5a73c3bdf70b","19_5_2020","19","5","2020","42"
"8aa34fdd-8885-4c15-a445-0b413705a326","26_6_2020","26","6","2020","41"
"19ba4751-2172-4be0-bf24-54c8ee2ee1c4","22_5_2020","22","5","2020","40.5"
"e072544b-169c-4b5f-89ab-391faece6499","22_5_2020","22","5","2020","40.5"
"e881fa18-07fa-4d42-b765-66644d717b65","33_8_2020","33","8","2020","42.75"
"32cff9bb-65a2-4122-ad00-399992f58ea6","21_5_2020","21","5","2020","34"
"6be2988f-3a43-4d88-b331-5d37b4a7aaab","29_7_2020","29","7","2020","41"
"4b9d592d-50e5-423c-b7e3-175aeea7e139","32_8_2020","32","8","2020","40"
"7cdcb7be-32fa-4231-8271-549422721c9b","27_7_2020","27","7","2020","25.75"
"b6380033-1ff3-456e-b518-a7666e0c72e7","25_6_2020","25","6","2020","40"
"2da05f36-663d-45bd-bf97-407b305b74bf","21_5_2020","21","5","2020","26.75"
"cc7eed86-e4df-4f32-a3d6-1f48a0bc7d98","18_4_2020","18","4","2020","32.25"
"cc7eed86-e4df-4f32-a3d6-1f48a0bc7d98","18_5_2020","18","5","2020","0.75"
"7cdcb7be-32fa-4231-8271-549422721c9b","20_5_2020","20","5","2020","39.5"
"6be2988f-3a43-4d88-b331-5d37b4a7aaab","28_7_2020","28","7","2020","41.5"
"dc12c3f1-9757-4406-a012-57758bcad921","25_6_2020","25","6","2020","40"
"2da05f36-663d-45bd-bf97-407b305b74bf","25_6_2020","25","6","2020","43.25"
"19ba4751-2172-4be0-bf24-54c8ee2ee1c4","32_8_2020","32","8","2020","41.25"
"19ba4751-2172-4be0-bf24-54c8ee2ee1c4","24_6_2020","24","6","2020","47"
"e716fa8b-62e8-463e-afad-ffbef362ade6","24_6_2020","24","6","2020","45"
"4b9d592d-50e5-423c-b7e3-175aeea7e139","24_6_2020","24","6","2020","40"
"e072544b-169c-4b5f-89ab-391faece6499","27_6_2020","27","6","2020","16"
"89fe4a65-76ab-4126-82e2-52f425c11f21","25_6_2020","25","6","2020","40.5"
"cc7eed86-e4df-4f32-a3d6-1f48a0bc7d98","22_5_2020","22","5","2020","40"
"89a590ca-884f-4936-b62d-c8f76d79002c","26_6_2020","26","6","2020","40.5"
"54573d03-85a0-4b2c-80e5-f3f4549e266b","28_7_2020","28","7","2020","40.5"
"75684d5f-2ab3-4aa8-a82b-e084b10f94b4","32_8_2020","32","8","2020","40.5"
"89fe4a65-76ab-4126-82e2-52f425c11f21","27_7_2020","27","7","2020","20.25"
"b4c98e99-8265-4890-85fa-04aff6ab5b13","5_1_2020","5","1","2020","42"
"e716fa8b-62e8-463e-afad-ffbef362ade6","20_5_2020","20","5","2020","40.5"
"6be2988f-3a43-4d88-b331-5d37b4a7aaab","25_6_2020","25","6","2020","42.5"
"451a7fae-82fb-40f7-b9d1-c71ab4fdef32","21_5_2020","21","5","2020","31.999999999999996"
"4e010ff2-d5a1-42a6-aaaf-0a37e122cffb","25_6_2020","25","6","2020","8"
"89fe4a65-76ab-4126-82e2-52f425c11f21","23_6_2020","23","6","2020","31"
"f3c0fc94-161b-4960-ae2c-82fa663d1143","23_6_2020","23","6","2020","31.75"
"e881fa18-07fa-4d42-b765-66644d717b65","27_7_2020","27","7","2020","23.75"
"451a7fae-82fb-40f7-b9d1-c71ab4fdef32","25_6_2020","25","6","2020","40.83333333333333"
"be11fac5-4825-4caa-b0d5-1e3b4f0ecae9","31_7_2020","31","7","2020","40"
"41c4233e-bb22-44f2-bcb4-8f01061c0c28","32_8_2020","32","8","2020","39.25"
"5880d293-567a-4b4a-bdb4-3cf7d9315181","23_6_2020","23","6","2020","32.25"
"7cdcb7be-32fa-4231-8271-549422721c9b","30_7_2020","30","7","2020","40"
"19ba4751-2172-4be0-bf24-54c8ee2ee1c4","21_5_2020","21","5","2020","32"
"89a590ca-884f-4936-b62d-c8f76d79002c","24_6_2020","24","6","2020","43.16666666666667"
"d1515707-ab10-49c1-893e-a60b70bd0364","24_6_2020","24","6","2020","39"
"343a795c-7ee4-40d1-8ef5-f93b85059a50","21_5_2020","21","5","2020","29"
"8aa34fdd-8885-4c15-a445-0b413705a326","33_8_2020","33","8","2020","40"
"be11fac5-4825-4caa-b0d5-1e3b4f0ecae9","32_8_2020","32","8","2020","40.5"
"e0778632-e76a-49ba-9b1d-eb01eb8d8df5","26_6_2020","26","6","2020","41"
"7cdcb7be-32fa-4231-8271-549422721c9b","23_6_2020","23","6","2020","32.5"
"e881fa18-07fa-4d42-b765-66644d717b65","16_4_2020","16","4","2020","32"
"1847f009-b425-4e62-8286-f20e52fb7ef5","33_8_2020","33","8","2020","38.5"
"360c64e0-63a2-409c-b2f2-5a73c3bdf70b","28_7_2020","28","7","2020","42.25"
"41c4233e-bb22-44f2-bcb4-8f01061c0c28","20_5_2020","20","5","2020","64.5"
"5880d293-567a-4b4a-bdb4-3cf7d9315181","29_7_2020","29","7","2020","40"
"e881fa18-07fa-4d42-b765-66644d717b65","23_6_2020","23","6","2020","31.5"
"89a590ca-884f-4936-b62d-c8f76d79002c","23_6_2020","23","6","2020","31.5"
"d1515707-ab10-49c1-893e-a60b70bd0364","26_6_2020","26","6","2020","38.5"
"be11fac5-4825-4caa-b0d5-1e3b4f0ecae9","28_7_2020","28","7","2020","40"
"4e010ff2-d5a1-42a6-aaaf-0a37e122cffb","33_8_2020","33","8","2020","8"
"cc7eed86-e4df-4f32-a3d6-1f48a0bc7d98","25_6_2020","25","6","2020","41"
"4b9d592d-50e5-423c-b7e3-175aeea7e139","27_6_2020","27","6","2020","16"
"32cff9bb-65a2-4122-ad00-399992f58ea6","25_6_2020","25","6","2020","40"
"4b9d592d-50e5-423c-b7e3-175aeea7e139","18_4_2020","18","4","2020","32"
"9b673e40-f3c2-4bc6-ab78-06cf0e33bac3","32_8_2020","32","8","2020","40"
"b4c98e99-8265-4890-85fa-04aff6ab5b13","23_6_2020","23","6","2020","34"
"e072544b-169c-4b5f-89ab-391faece6499","27_7_2020","27","7","2020","26.25"
"32cff9bb-65a2-4122-ad00-399992f58ea6","26_6_2020","26","6","2020","40.5"
"dc12c3f1-9757-4406-a012-57758bcad921","24_6_2020","24","6","2020","40"
"583ee621-6cb0-4fb0-b82e-f60232e3e57e","27_6_2020","27","6","2020","15.75"
"89fe4a65-76ab-4126-82e2-52f425c11f21","21_5_2020","21","5","2020","30.25"
"451a7fae-82fb-40f7-b9d1-c71ab4fdef32","33_8_2020","33","8","2020","39.833333333333336"
"6be2988f-3a43-4d88-b331-5d37b4a7aaab","31_7_2020","31","7","2020","40"
"e881fa18-07fa-4d42-b765-66644d717b65","24_6_2020","24","6","2020","40"
"6c9b5da3-bd2e-460c-98d9-f30f76867355","22_5_2020","22","5","2020","40.5"
"b6380033-1ff3-456e-b518-a7666e0c72e7","27_6_2020","27","6","2020","17"
"8aa34fdd-8885-4c15-a445-0b413705a326","28_7_2020","28","7","2020","40"
"be11fac5-4825-4caa-b0d5-1e3b4f0ecae9","33_8_2020","33","8","2020","40.5"
"0d2a7e56-1519-4225-b7e3-ee857fd014d2","25_6_2020","25","6","2020","40"
"54573d03-85a0-4b2c-80e5-f3f4549e266b","22_5_2020","22","5","2020","41.5"
"0d2a7e56-1519-4225-b7e3-ee857fd014d2","27_7_2020","27","7","2020","24.5"
"5880d293-567a-4b4a-bdb4-3cf7d9315181","2_1_2020","2","1","2020","43.25"
"f3c0fc94-161b-4960-ae2c-82fa663d1143","27_6_2020","27","6","2020","15.5"
"0d2a7e56-1519-4225-b7e3-ee857fd014d2","22_5_2020","22","5","2020","40"
"f3c0fc94-161b-4960-ae2c-82fa663d1143","27_7_2020","27","7","2020","23.75"
"5880d293-567a-4b4a-bdb4-3cf7d9315181","27_6_2020","27","6","2020","16.5"
"e072544b-169c-4b5f-89ab-391faece6499","32_8_2020","32","8","2020","40"
"f3c0fc94-161b-4960-ae2c-82fa663d1143","25_6_2020","25","6","2020","40"
"b4c98e99-8265-4890-85fa-04aff6ab5b13","31_7_2020","31","7","2020","40"
"8aa34fdd-8885-4c15-a445-0b413705a326","22_5_2020","22","5","2020","40"
"54573d03-85a0-4b2c-80e5-f3f4549e266b","26_6_2020","26","6","2020","39.75"
"7cdcb7be-32fa-4231-8271-549422721c9b","33_8_2020","33","8","2020","40"
"41c4233e-bb22-44f2-bcb4-8f01061c0c28","24_6_2020","24","6","2020","38"
"343a795c-7ee4-40d1-8ef5-f93b85059a50","26_6_2020","26","6","2020","34.5"
"d1515707-ab10-49c1-893e-a60b70bd0364","21_5_2020","21","5","2020","32"
"0d2a7e56-1519-4225-b7e3-ee857fd014d2","27_6_2020","27","6","2020","15.5"
"5880d293-567a-4b4a-bdb4-3cf7d9315181","22_5_2020","22","5","2020","39"
"49c65b55-8526-495b-94f2-3c653e2c1fb4","27_6_2020","27","6","2020","16.5"
"e072544b-169c-4b5f-89ab-391faece6499","26_6_2020","26","6","2020","42.5"
"583ee621-6cb0-4fb0-b82e-f60232e3e57e","21_5_2020","21","5","2020","30.75"
"f3c0fc94-161b-4960-ae2c-82fa663d1143","8_2_2020","8","2","2020","40"
"41c4233e-bb22-44f2-bcb4-8f01061c0c28","4_1_2020","4","1","2020","42"
"360c64e0-63a2-409c-b2f2-5a73c3bdf70b","31_7_2020","31","7","2020","41.75"
"583ee621-6cb0-4fb0-b82e-f60232e3e57e","22_5_2020","22","5","2020","43.75"
"e0778632-e76a-49ba-9b1d-eb01eb8d8df5","33_8_2020","33","8","2020","40"
"451a7fae-82fb-40f7-b9d1-c71ab4fdef32","22_5_2020","22","5","2020","40.833333333333336"
"5880d293-567a-4b4a-bdb4-3cf7d9315181","25_6_2020","25","6","2020","40"
"4b9d592d-50e5-423c-b7e3-175aeea7e139","29_7_2020","29","7","2020","40"
"2da05f36-663d-45bd-bf97-407b305b74bf","16_4_2020","16","4","2020","34"
"f3c0fc94-161b-4960-ae2c-82fa663d1143","29_7_2020","29","7","2020","40"
"360c64e0-63a2-409c-b2f2-5a73c3bdf70b","33_8_2020","33","8","2020","39"
"6be2988f-3a43-4d88-b331-5d37b4a7aaab","32_8_2020","32","8","2020","41"
"4b9d592d-50e5-423c-b7e3-175aeea7e139","33_8_2020","33","8","2020","40"
"451a7fae-82fb-40f7-b9d1-c71ab4fdef32","26_6_2020","26","6","2020","40.333333333333336"
"405035eb-32ab-4625-94cc-a668f73e341c","8_2_2020","8","2","2020","43"
"5880d293-567a-4b4a-bdb4-3cf7d9315181","21_5_2020","21","5","2020","32"
"4b9d592d-50e5-423c-b7e3-175aeea7e139","26_6_2020","26","6","2020","40.5"
"32cff9bb-65a2-4122-ad00-399992f58ea6","10_3_2020","10","3","2020","40.5"
"be11fac5-4825-4caa-b0d5-1e3b4f0ecae9","26_6_2020","26","6","2020","40"
"6c9b5da3-bd2e-460c-98d9-f30f76867355","26_6_2020","26","6","2020","40"
"54573d03-85a0-4b2c-80e5-f3f4549e266b","27_7_2020","27","7","2020","23.25"
"54573d03-85a0-4b2c-80e5-f3f4549e266b","24_6_2020","24","6","2020","40.083333333333336"
"b4c98e99-8265-4890-85fa-04aff6ab5b13","21_5_2020","21","5","2020","32"
"9fbd8b04-ea58-47df-bacb-6f14eedec3fa","27_7_2020","27","7","2020","24.5"
"49c65b55-8526-495b-94f2-3c653e2c1fb4","27_7_2020","27","7","2020","20.25"
"0d2a7e56-1519-4225-b7e3-ee857fd014d2","11_3_2020","11","3","2020","50.5"
"89a590ca-884f-4936-b62d-c8f76d79002c","31_7_2020","31","7","2020","40"
"e0778632-e76a-49ba-9b1d-eb01eb8d8df5","17_4_2020","17","4","2020","37"
"a415e194-bf55-4e97-8ee7-a7fa540ecc8e","23_6_2020","23","6","2020","32.5"
"75684d5f-2ab3-4aa8-a82b-e084b10f94b4","33_8_2020","33","8","2020","43.5"
"d1515707-ab10-49c1-893e-a60b70bd0364","23_6_2020","23","6","2020","32"
"49c65b55-8526-495b-94f2-3c653e2c1fb4","25_6_2020","25","6","2020","43.5"
"be11fac5-4825-4caa-b0d5-1e3b4f0ecae9","14_4_2020","14","4","2020","23"
"b4c98e99-8265-4890-85fa-04aff6ab5b13","29_7_2020","29","7","2020","40"
"89fe4a65-76ab-4126-82e2-52f425c11f21","31_7_2020","31","7","2020","40"
"6be2988f-3a43-4d88-b331-5d37b4a7aaab","33_8_2020","33","8","2020","44"
"343a795c-7ee4-40d1-8ef5-f93b85059a50","25_6_2020","25","6","2020","36.5"
"9fbd8b04-ea58-47df-bacb-6f14eedec3fa","27_6_2020","27","6","2020","15.5"
"75684d5f-2ab3-4aa8-a82b-e084b10f94b4","21_5_2020","21","5","2020","45"
"e881fa18-07fa-4d42-b765-66644d717b65","21_5_2020","21","5","2020","31"
"32cff9bb-65a2-4122-ad00-399992f58ea6","33_8_2020","33","8","2020","40"
"49c65b55-8526-495b-94f2-3c653e2c1fb4","30_7_2020","30","7","2020","40"
"0d2a7e56-1519-4225-b7e3-ee857fd014d2","24_6_2020","24","6","2020","40"
"343a795c-7ee4-40d1-8ef5-f93b85059a50","27_7_2020","27","7","2020","24"
"b4c98e99-8265-4890-85fa-04aff6ab5b13","26_6_2020","26","6","2020","40.25"
"4b9d592d-50e5-423c-b7e3-175aeea7e139","22_5_2020","22","5","2020","40.5"
"b4c98e99-8265-4890-85fa-04aff6ab5b13","18_4_2020","18","4","2020","32.5"
"2da05f36-663d-45bd-bf97-407b305b74bf","30_7_2020","30","7","2020","40"
"89fe4a65-76ab-4126-82e2-52f425c11f21","27_6_2020","27","6","2020","17"
"e072544b-169c-4b5f-89ab-391faece6499","23_6_2020","23","6","2020","32"
"75684d5f-2ab3-4aa8-a82b-e084b10f94b4","7_2_2020","7","2","2020","40"
"89a590ca-884f-4936-b62d-c8f76d79002c","27_6_2020","27","6","2020","17"
"583ee621-6cb0-4fb0-b82e-f60232e3e57e","24_6_2020","24","6","2020","39.25"
"583ee621-6cb0-4fb0-b82e-f60232e3e57e","23_6_2020","23","6","2020","33"
"89fe4a65-76ab-4126-82e2-52f425c11f21","29_7_2020","29","7","2020","40"
"89a590ca-884f-4936-b62d-c8f76d79002c","22_5_2020","22","5","2020","40.33333333333333"
"b6380033-1ff3-456e-b518-a7666e0c72e7","23_6_2020","23","6","2020","37.5"
"49c65b55-8526-495b-94f2-3c653e2c1fb4","24_6_2020","24","6","2020","42"
"6be2988f-3a43-4d88-b331-5d37b4a7aaab","23_6_2020","23","6","2020","33"
"6be2988f-3a43-4d88-b331-5d37b4a7aaab","21_5_2020","21","5","2020","45"
"451a7fae-82fb-40f7-b9d1-c71ab4fdef32","28_7_2020","28","7","2020","40"
"89fe4a65-76ab-4126-82e2-52f425c11f21","26_6_2020","26","6","2020","41.24999999999999"
"a415e194-bf55-4e97-8ee7-a7fa540ecc8e","25_6_2020","25","6","2020","41"
"54573d03-85a0-4b2c-80e5-f3f4549e266b","27_6_2020","27","6","2020","15"
"be11fac5-4825-4caa-b0d5-1e3b4f0ecae9","6_2_2020","6","2","2020","40"
"dc12c3f1-9757-4406-a012-57758bcad921","22_5_2020","22","5","2020","38"
"6c9b5da3-bd2e-460c-98d9-f30f76867355","32_8_2020","32","8","2020","40"
"a415e194-bf55-4e97-8ee7-a7fa540ecc8e","31_7_2020","31","7","2020","37.5"
"6be2988f-3a43-4d88-b331-5d37b4a7aaab","1_12_2019","1","12","2019","8"
"6be2988f-3a43-4d88-b331-5d37b4a7aaab","1_1_2020","1","1","2020","17"
"343a795c-7ee4-40d1-8ef5-f93b85059a50","33_8_2020","33","8","2020","34.5"
"dc12c3f1-9757-4406-a012-57758bcad921","26_6_2020","26","6","2020","40"
"49c65b55-8526-495b-94f2-3c653e2c1fb4","26_6_2020","26","6","2020","44.5"
"405035eb-32ab-4625-94cc-a668f73e341c","9_2_2020","9","2","2020","40"
"8aa34fdd-8885-4c15-a445-0b413705a326","24_6_2020","24","6","2020","40"
"343a795c-7ee4-40d1-8ef5-f93b85059a50","31_7_2020","31","7","2020","28.5"
"41c4233e-bb22-44f2-bcb4-8f01061c0c28","25_6_2020","25","6","2020","39.25"
"360c64e0-63a2-409c-b2f2-5a73c3bdf70b","32_8_2020","32","8","2020","40.5"
"75684d5f-2ab3-4aa8-a82b-e084b10f94b4","31_7_2020","31","7","2020","42.5"
"75684d5f-2ab3-4aa8-a82b-e084b10f94b4","27_7_2020","27","7","2020","24"
"dc12c3f1-9757-4406-a012-57758bcad921","33_8_2020","33","8","2020","40"
"6be2988f-3a43-4d88-b331-5d37b4a7aaab","48_11_2019","48","11","2019","45.5"
"54573d03-85a0-4b2c-80e5-f3f4549e266b","32_8_2020","32","8","2020","40"
"41c4233e-bb22-44f2-bcb4-8f01061c0c28","27_6_2020","27","6","2020","16.5"
"e072544b-169c-4b5f-89ab-391faece6499","33_8_2020","33","8","2020","41"
"343a795c-7ee4-40d1-8ef5-f93b85059a50","24_6_2020","24","6","2020","36.25"
"54573d03-85a0-4b2c-80e5-f3f4549e266b","31_7_2020","31","7","2020","40"
"75684d5f-2ab3-4aa8-a82b-e084b10f94b4","30_7_2020","30","7","2020","42.5"
"b4c98e99-8265-4890-85fa-04aff6ab5b13","2_1_2020","2","1","2020","40.5"
"2da05f36-663d-45bd-bf97-407b305b74bf","27_7_2020","27","7","2020","24.75"
"41c4233e-bb22-44f2-bcb4-8f01061c0c28","26_6_2020","26","6","2020","39.5"
"32cff9bb-65a2-4122-ad00-399992f58ea6","24_6_2020","24","6","2020","43.5"
"1847f009-b425-4e62-8286-f20e52fb7ef5","5_1_2020","5","1","2020","44"
"32cff9bb-65a2-4122-ad00-399992f58ea6","31_7_2020","31","7","2020","40"
"451a7fae-82fb-40f7-b9d1-c71ab4fdef32","31_7_2020","31","7","2020","40"
"b4c98e99-8265-4890-85fa-04aff6ab5b13","12_3_2020","12","3","2020","41.75"
"32cff9bb-65a2-4122-ad00-399992f58ea6","22_5_2020","22","5","2020","41"
"89a590ca-884f-4936-b62d-c8f76d79002c","6_2_2020","6","2","2020","46"
"b6380033-1ff3-456e-b518-a7666e0c72e7","21_5_2020","21","5","2020","32"
"6be2988f-3a43-4d88-b331-5d37b4a7aaab","2_1_2020","2","1","2020","40.5"
"d1515707-ab10-49c1-893e-a60b70bd0364","29_7_2020","29","7","2020","40"
"8aa34fdd-8885-4c15-a445-0b413705a326","6_2_2020","6","2","2020","40"
"41c4233e-bb22-44f2-bcb4-8f01061c0c28","28_7_2020","28","7","2020","39.5"
"89fe4a65-76ab-4126-82e2-52f425c11f21","17_4_2020","17","4","2020","46.25"
"7cdcb7be-32fa-4231-8271-549422721c9b","32_8_2020","32","8","2020","40"
"0d2a7e56-1519-4225-b7e3-ee857fd014d2","26_6_2020","26","6","2020","40"
"0d2a7e56-1519-4225-b7e3-ee857fd014d2","29_7_2020","29","7","2020","40"
"e881fa18-07fa-4d42-b765-66644d717b65","30_7_2020","30","7","2020","41"
"6be2988f-3a43-4d88-b331-5d37b4a7aaab","50_12_2019","50","12","2019","42"
"360c64e0-63a2-409c-b2f2-5a73c3bdf70b","27_7_2020","27","7","2020","26"
"6be2988f-3a43-4d88-b331-5d37b4a7aaab","51_12_2019","51","12","2019","40.5"
"41c4233e-bb22-44f2-bcb4-8f01061c0c28","22_5_2020","22","5","2020","40"
"19ba4751-2172-4be0-bf24-54c8ee2ee1c4","6_2_2020","6","2","2020","41"
"e716fa8b-62e8-463e-afad-ffbef362ade6","23_6_2020","23","6","2020","35.5"
"dc12c3f1-9757-4406-a012-57758bcad921","29_7_2020","29","7","2020","40"
"be11fac5-4825-4caa-b0d5-1e3b4f0ecae9","25_6_2020","25","6","2020","40"
"8aa34fdd-8885-4c15-a445-0b413705a326","15_4_2020","15","4","2020","24"
"405035eb-32ab-4625-94cc-a668f73e341c","7_2_2020","7","2","2020","40"
"0d2a7e56-1519-4225-b7e3-ee857fd014d2","20_5_2020","20","5","2020","42.5"
"19ba4751-2172-4be0-bf24-54c8ee2ee1c4","27_7_2020","27","7","2020","24"
"6be2988f-3a43-4d88-b331-5d37b4a7aaab","3_1_2020","3","1","2020","40.5"
"2da05f36-663d-45bd-bf97-407b305b74bf","26_6_2020","26","6","2020","48.75"
"343a795c-7ee4-40d1-8ef5-f93b85059a50","23_6_2020","23","6","2020","32.5"
"8aa34fdd-8885-4c15-a445-0b413705a326","31_7_2020","31","7","2020","40"
"a415e194-bf55-4e97-8ee7-a7fa540ecc8e","18_4_2020","18","4","2020","40"
"6c9b5da3-bd2e-460c-98d9-f30f76867355","29_7_2020","29","7","2020","40"
"451a7fae-82fb-40f7-b9d1-c71ab4fdef32","27_6_2020","27","6","2020","17"
"a415e194-bf55-4e97-8ee7-a7fa540ecc8e","24_6_2020","24","6","2020","40.5"
"e881fa18-07fa-4d42-b765-66644d717b65","27_6_2020","27","6","2020","16"
"b4c98e99-8265-4890-85fa-04aff6ab5b13","49_11_2019","49","11","2019","40"
"41c4233e-bb22-44f2-bcb4-8f01061c0c28","21_5_2020","21","5","2020","43.5"
"e881fa18-07fa-4d42-b765-66644d717b65","22_5_2020","22","5","2020","39.75"
"89a590ca-884f-4936-b62d-c8f76d79002c","32_8_2020","32","8","2020","40"
"8aa34fdd-8885-4c15-a445-0b413705a326","29_7_2020","29","7","2020","40"
"6c9b5da3-bd2e-460c-98d9-f30f76867355","30_7_2020","30","7","2020","40"
"8aa34fdd-8885-4c15-a445-0b413705a326","32_8_2020","32","8","2020","40"
"a415e194-bf55-4e97-8ee7-a7fa540ecc8e","29_7_2020","29","7","2020","40"
"41c4233e-bb22-44f2-bcb4-8f01061c0c28","11_3_2020","11","3","2020","42.833333333333336"
"d1515707-ab10-49c1-893e-a60b70bd0364","32_8_2020","32","8","2020","40"
"dc12c3f1-9757-4406-a012-57758bcad921","10_3_2020","10","3","2020","40"
"89fe4a65-76ab-4126-82e2-52f425c11f21","30_7_2020","30","7","2020","40"
"54573d03-85a0-4b2c-80e5-f3f4549e266b","12_3_2020","12","3","2020","37.75"
"360c64e0-63a2-409c-b2f2-5a73c3bdf70b","27_6_2020","27","6","2020","16.5"
"e716fa8b-62e8-463e-afad-ffbef362ade6","33_8_2020","33","8","2020","40"
"6be2988f-3a43-4d88-b331-5d37b4a7aaab","4_1_2020","4","1","2020","42"
"d1515707-ab10-49c1-893e-a60b70bd0364","27_6_2020","27","6","2020","16"
"89a590ca-884f-4936-b62d-c8f76d79002c","21_5_2020","21","5","2020","32.5"
"b6380033-1ff3-456e-b518-a7666e0c72e7","32_8_2020","32","8","2020","38.5"
"a415e194-bf55-4e97-8ee7-a7fa540ecc8e","32_8_2020","32","8","2020","39"
"e0778632-e76a-49ba-9b1d-eb01eb8d8df5","29_7_2020","29","7","2020","40"
"f3c0fc94-161b-4960-ae2c-82fa663d1143","21_5_2020","21","5","2020","31"
"19ba4751-2172-4be0-bf24-54c8ee2ee1c4","28_7_2020","28","7","2020","40"
"54573d03-85a0-4b2c-80e5-f3f4549e266b","30_7_2020","30","7","2020","40"
"360c64e0-63a2-409c-b2f2-5a73c3bdf70b","24_6_2020","24","6","2020","36.5"
"cc7eed86-e4df-4f32-a3d6-1f48a0bc7d98","32_8_2020","32","8","2020","40"
"b4c98e99-8265-4890-85fa-04aff6ab5b13","50_11_2019","50","11","2019","41.5"
"41c4233e-bb22-44f2-bcb4-8f01061c0c28","33_8_2020","33","8","2020","39.5"
"b4c98e99-8265-4890-85fa-04aff6ab5b13","3_1_2020","3","1","2020","41.5"
"451a7fae-82fb-40f7-b9d1-c71ab4fdef32","12_3_2020","12","3","2020","48.916666666666664"
"a415e194-bf55-4e97-8ee7-a7fa540ecc8e","30_7_2020","30","7","2020","40"
"343a795c-7ee4-40d1-8ef5-f93b85059a50","29_7_2020","29","7","2020","40"
"e716fa8b-62e8-463e-afad-ffbef362ade6","29_7_2020","29","7","2020","40"
"b4c98e99-8265-4890-85fa-04aff6ab5b13","24_6_2020","24","6","2020","41.5"
"451a7fae-82fb-40f7-b9d1-c71ab4fdef32","24_6_2020","24","6","2020","40.333333333333336"
"be11fac5-4825-4caa-b0d5-1e3b4f0ecae9","27_6_2020","27","6","2020","16"
"fcf15fac-0256-49af-b093-0235c4585e34","31_7_2020","31","7","2020","40"
"b6380033-1ff3-456e-b518-a7666e0c72e7","24_6_2020","24","6","2020","40"
"343a795c-7ee4-40d1-8ef5-f93b85059a50","28_7_2020","28","7","2020","40"
"32cff9bb-65a2-4122-ad00-399992f58ea6","20_5_2020","20","5","2020","40"
"e0778632-e76a-49ba-9b1d-eb01eb8d8df5","25_6_2020","25","6","2020","39"
"e072544b-169c-4b5f-89ab-391faece6499","18_4_2020","18","4","2020","32.75"
"d1515707-ab10-49c1-893e-a60b70bd0364","13_3_2020","13","3","2020","40"
"cc7eed86-e4df-4f32-a3d6-1f48a0bc7d98","21_5_2020","21","5","2020","39"
"583ee621-6cb0-4fb0-b82e-f60232e3e57e","32_8_2020","32","8","2020","40"
"d1515707-ab10-49c1-893e-a60b70bd0364","27_7_2020","27","7","2020","24"
"75684d5f-2ab3-4aa8-a82b-e084b10f94b4","26_6_2020","26","6","2020","40"
"6be2988f-3a43-4d88-b331-5d37b4a7aaab","27_6_2020","27","6","2020","17"
"4e010ff2-d5a1-42a6-aaaf-0a37e122cffb","14_4_2020","14","4","2020","8"
"7cdcb7be-32fa-4231-8271-549422721c9b","28_7_2020","28","7","2020","40"
"b4c98e99-8265-4890-85fa-04aff6ab5b13","51_11_2019","51","11","2019","41.5"
"89a590ca-884f-4936-b62d-c8f76d79002c","29_7_2020","29","7","2020","40"
"d1515707-ab10-49c1-893e-a60b70bd0364","31_7_2020","31","7","2020","40"
"dc12c3f1-9757-4406-a012-57758bcad921","11_3_2020","11","3","2020","40"
"54573d03-85a0-4b2c-80e5-f3f4549e266b","13_3_2020","13","3","2020","37.75"
"5880d293-567a-4b4a-bdb4-3cf7d9315181","31_7_2020","31","7","2020","40"
"6be2988f-3a43-4d88-b331-5d37b4a7aaab","24_6_2020","24","6","2020","54"
"b6380033-1ff3-456e-b518-a7666e0c72e7","26_6_2020","26","6","2020","40"
"dc12c3f1-9757-4406-a012-57758bcad921","30_7_2020","30","7","2020","40"
"f3c0fc94-161b-4960-ae2c-82fa663d1143","15_4_2020","15","4","2020","24"
"e072544b-169c-4b5f-89ab-391faece6499","28_7_2020","28","7","2020","40"
"b4c98e99-8265-4890-85fa-04aff6ab5b13","25_6_2020","25","6","2020","41"
"2da05f36-663d-45bd-bf97-407b305b74bf","29_7_2020","29","7","2020","40"
"75684d5f-2ab3-4aa8-a82b-e084b10f94b4","4_1_2020","4","1","2020","40.5"
"4e010ff2-d5a1-42a6-aaaf-0a37e122cffb","23_6_2020","23","6","2020","8"
"6c9b5da3-bd2e-460c-98d9-f30f76867355","28_7_2020","28","7","2020","40"
"b4c98e99-8265-4890-85fa-04aff6ab5b13","13_3_2020","13","3","2020","40"
"583ee621-6cb0-4fb0-b82e-f60232e3e57e","27_7_2020","27","7","2020","23.75"
"75684d5f-2ab3-4aa8-a82b-e084b10f94b4","27_6_2020","27","6","2020","16"
"b4c98e99-8265-4890-85fa-04aff6ab5b13","52_11_2019","52","11","2019","15.5"
"a415e194-bf55-4e97-8ee7-a7fa540ecc8e","26_6_2020","26","6","2020","41.5"
"7cdcb7be-32fa-4231-8271-549422721c9b","31_7_2020","31","7","2020","40"
"dc12c3f1-9757-4406-a012-57758bcad921","31_7_2020","31","7","2020","40"
"19ba4751-2172-4be0-bf24-54c8ee2ee1c4","51_12_2019","51","12","2019","40"
"75684d5f-2ab3-4aa8-a82b-e084b10f94b4","29_7_2020","29","7","2020","42.5"
"e881fa18-07fa-4d42-b765-66644d717b65","28_7_2020","28","7","2020","40"
"4b9d592d-50e5-423c-b7e3-175aeea7e139","30_7_2020","30","7","2020","40"
"7cdcb7be-32fa-4231-8271-549422721c9b","21_5_2020","21","5","2020","33"
"dc12c3f1-9757-4406-a012-57758bcad921","4_1_2020","4","1","2020","40.5"
"d1515707-ab10-49c1-893e-a60b70bd0364","28_7_2020","28","7","2020","40"
"e072544b-169c-4b5f-89ab-391faece6499","30_7_2020","30","7","2020","40"
"b4c98e99-8265-4890-85fa-04aff6ab5b13","4_1_2020","4","1","2020","43"
"451a7fae-82fb-40f7-b9d1-c71ab4fdef32","30_7_2020","30","7","2020","40"
"dc12c3f1-9757-4406-a012-57758bcad921","8_2_2020","8","2","2020","40.5"
"be11fac5-4825-4caa-b0d5-1e3b4f0ecae9","30_7_2020","30","7","2020","40"
"be11fac5-4825-4caa-b0d5-1e3b4f0ecae9","21_5_2020","21","5","2020","32"
"6be2988f-3a43-4d88-b331-5d37b4a7aaab","20_5_2020","20","5","2020","47"
"be11fac5-4825-4caa-b0d5-1e3b4f0ecae9","23_6_2020","23","6","2020","32"
"0d2a7e56-1519-4225-b7e3-ee857fd014d2","30_7_2020","30","7","2020","40"
"b4c98e99-8265-4890-85fa-04aff6ab5b13","16_4_2020","16","4","2020","32"
"b4c98e99-8265-4890-85fa-04aff6ab5b13","32_8_2020","32","8","2020","41"
"e716fa8b-62e8-463e-afad-ffbef362ade6","21_5_2020","21","5","2020","33.5"
"49c65b55-8526-495b-94f2-3c653e2c1fb4","29_7_2020","29","7","2020","40"
"89fe4a65-76ab-4126-82e2-52f425c11f21","8_2_2020","8","2","2020","46"
"89fe4a65-76ab-4126-82e2-52f425c11f21","9_2_2020","9","2","2020","35"
"19ba4751-2172-4be0-bf24-54c8ee2ee1c4","31_7_2020","31","7","2020","40"
"a415e194-bf55-4e97-8ee7-a7fa540ecc8e","27_7_2020","27","7","2020","22"
"0d2a7e56-1519-4225-b7e3-ee857fd014d2","19_5_2020","19","5","2020","40.75"
"5880d293-567a-4b4a-bdb4-3cf7d9315181","28_7_2020","28","7","2020","41.25"
"5880d293-567a-4b4a-bdb4-3cf7d9315181","20_5_2020","20","5","2020","41"
"b4c98e99-8265-4890-85fa-04aff6ab5b13","28_7_2020","28","7","2020","40"
"5880d293-567a-4b4a-bdb4-3cf7d9315181","51_11_2019","51","11","2019","40"
"32cff9bb-65a2-4122-ad00-399992f58ea6","11_3_2020","11","3","2020","42"
"6be2988f-3a43-4d88-b331-5d37b4a7aaab","30_7_2020","30","7","2020","40"
"360c64e0-63a2-409c-b2f2-5a73c3bdf70b","30_7_2020","30","7","2020","41.75"
"4b9d592d-50e5-423c-b7e3-175aeea7e139","12_3_2020","12","3","2020","40.25"
"b4c98e99-8265-4890-85fa-04aff6ab5b13","27_7_2020","27","7","2020","23.5"
"6be2988f-3a43-4d88-b331-5d37b4a7aaab","49_12_2019","49","12","2019","40"
"dc12c3f1-9757-4406-a012-57758bcad921","17_4_2020","17","4","2020","40"
"dc12c3f1-9757-4406-a012-57758bcad921","12_3_2020","12","3","2020","40"
"dc12c3f1-9757-4406-a012-57758bcad921","18_4_2020","18","4","2020","32"
"e0778632-e76a-49ba-9b1d-eb01eb8d8df5","15_4_2020","15","4","2020","24"
"75684d5f-2ab3-4aa8-a82b-e084b10f94b4","23_6_2020","23","6","2020","32"
"583ee621-6cb0-4fb0-b82e-f60232e3e57e","30_7_2020","30","7","2020","40"
"be11fac5-4825-4caa-b0d5-1e3b4f0ecae9","12_3_2020","12","3","2020","40"
"8aa34fdd-8885-4c15-a445-0b413705a326","20_5_2020","20","5","2020","40"
"49c65b55-8526-495b-94f2-3c653e2c1fb4","23_6_2020","23","6","2020","33"
"e0778632-e76a-49ba-9b1d-eb01eb8d8df5","22_5_2020","22","5","2020","40"
"cc7eed86-e4df-4f32-a3d6-1f48a0bc7d98","28_7_2020","28","7","2020","40"
"343a795c-7ee4-40d1-8ef5-f93b85059a50","30_7_2020","30","7","2020","40"
"b6380033-1ff3-456e-b518-a7666e0c72e7","22_5_2020","22","5","2020","40"
"1847f009-b425-4e62-8286-f20e52fb7ef5","14_3_2020","14","3","2020","17"
"1847f009-b425-4e62-8286-f20e52fb7ef5","14_4_2020","14","4","2020","23.75"
"2da05f36-663d-45bd-bf97-407b305b74bf","18_4_2020","18","4","2020","33"
"2da05f36-663d-45bd-bf97-407b305b74bf","18_5_2020","18","5","2020","2"
"2da05f36-663d-45bd-bf97-407b305b74bf","31_7_2020","31","7","2020","40"
"cc7eed86-e4df-4f32-a3d6-1f48a0bc7d98","30_7_2020","30","7","2020","41"
"dc12c3f1-9757-4406-a012-57758bcad921","27_6_2020","27","6","2020","17.5"
"a415e194-bf55-4e97-8ee7-a7fa540ecc8e","12_3_2020","12","3","2020","44.5"
"dc12c3f1-9757-4406-a012-57758bcad921","5_1_2020","5","1","2020","40"
"451a7fae-82fb-40f7-b9d1-c71ab4fdef32","29_7_2020","29","7","2020","40"
"d1515707-ab10-49c1-893e-a60b70bd0364","6_2_2020","6","2","2020","40"
"89a590ca-884f-4936-b62d-c8f76d79002c","30_7_2020","30","7","2020","40"
"8aa34fdd-8885-4c15-a445-0b413705a326","21_5_2020","21","5","2020","32.5"
"7cdcb7be-32fa-4231-8271-549422721c9b","14_3_2020","14","3","2020","15"
"7cdcb7be-32fa-4231-8271-549422721c9b","14_4_2020","14","4","2020","25.25"
"19ba4751-2172-4be0-bf24-54c8ee2ee1c4","30_7_2020","30","7","2020","40"
"49c65b55-8526-495b-94f2-3c653e2c1fb4","8_2_2020","8","2","2020","38"
"583ee621-6cb0-4fb0-b82e-f60232e3e57e","29_7_2020","29","7","2020","40"
"19ba4751-2172-4be0-bf24-54c8ee2ee1c4","52_12_2019","52","12","2019","16"
"2da05f36-663d-45bd-bf97-407b305b74bf","28_7_2020","28","7","2020","40"
"6c9b5da3-bd2e-460c-98d9-f30f76867355","20_5_2020","20","5","2020","40"
"dc12c3f1-9757-4406-a012-57758bcad921","28_7_2020","28","7","2020","40"
"89fe4a65-76ab-4126-82e2-52f425c11f21","7_2_2020","7","2","2020","44.5"
"a415e194-bf55-4e97-8ee7-a7fa540ecc8e","14_3_2020","14","3","2020","17"
"a415e194-bf55-4e97-8ee7-a7fa540ecc8e","14_4_2020","14","4","2020","27"
"f3c0fc94-161b-4960-ae2c-82fa663d1143","30_7_2020","30","7","2020","40"
"451a7fae-82fb-40f7-b9d1-c71ab4fdef32","14_3_2020","14","3","2020","16.25"
"451a7fae-82fb-40f7-b9d1-c71ab4fdef32","14_4_2020","14","4","2020","25.25"
"1847f009-b425-4e62-8286-f20e52fb7ef5","8_2_2020","8","2","2020","42"
"89fe4a65-76ab-4126-82e2-52f425c11f21","19_5_2020","19","5","2020","41"
"6c9b5da3-bd2e-460c-98d9-f30f76867355","27_7_2020","27","7","2020","24"
"a415e194-bf55-4e97-8ee7-a7fa540ecc8e","20_5_2020","20","5","2020","43.5"
"e881fa18-07fa-4d42-b765-66644d717b65","10_3_2020","10","3","2020","48"
"e072544b-169c-4b5f-89ab-391faece6499","29_7_2020","29","7","2020","40"
"b6380033-1ff3-456e-b518-a7666e0c72e7","6_2_2020","6","2","2020","40"
"0d2a7e56-1519-4225-b7e3-ee857fd014d2","16_4_2020","16","4","2020","32.25"
"dc12c3f1-9757-4406-a012-57758bcad921","13_3_2020","13","3","2020","40"
"b4c98e99-8265-4890-85fa-04aff6ab5b13","19_5_2020","19","5","2020","45"
"cc7eed86-e4df-4f32-a3d6-1f48a0bc7d98","20_5_2020","20","5","2020","40"
"2da05f36-663d-45bd-bf97-407b305b74bf","6_2_2020","6","2","2020","45.25"
"2da05f36-663d-45bd-bf97-407b305b74bf","7_2_2020","7","2","2020","44.5"
"be11fac5-4825-4caa-b0d5-1e3b4f0ecae9","7_2_2020","7","2","2020","40"
"583ee621-6cb0-4fb0-b82e-f60232e3e57e","17_4_2020","17","4","2020","39.5"
"f3c0fc94-161b-4960-ae2c-82fa663d1143","31_7_2020","31","7","2020","40"
"54573d03-85a0-4b2c-80e5-f3f4549e266b","19_5_2020","19","5","2020","41.5"
"89a590ca-884f-4936-b62d-c8f76d79002c","19_5_2020","19","5","2020","40.25"
"9fbd8b04-ea58-47df-bacb-6f14eedec3fa","31_7_2020","31","7","2020","40"
"75684d5f-2ab3-4aa8-a82b-e084b10f94b4","18_4_2020","18","4","2020","33"
"6be2988f-3a43-4d88-b331-5d37b4a7aaab","9_2_2020","9","2","2020","48"
"a415e194-bf55-4e97-8ee7-a7fa540ecc8e","15_4_2020","15","4","2020","24"
"75684d5f-2ab3-4aa8-a82b-e084b10f94b4","12_3_2020","12","3","2020","42.5"
"be11fac5-4825-4caa-b0d5-1e3b4f0ecae9","14_3_2020","14","3","2020","16"
"4b9d592d-50e5-423c-b7e3-175aeea7e139","19_5_2020","19","5","2020","40.25"
"e881fa18-07fa-4d42-b765-66644d717b65","18_4_2020","18","4","2020","32"
"4e010ff2-d5a1-42a6-aaaf-0a37e122cffb","8_2_2020","8","2","2020","8"
"6c9b5da3-bd2e-460c-98d9-f30f76867355","11_3_2020","11","3","2020","55"
"0d2a7e56-1519-4225-b7e3-ee857fd014d2","10_3_2020","10","3","2020","53"
"b4c98e99-8265-4890-85fa-04aff6ab5b13","27_6_2020","27","6","2020","16.5"
"49c65b55-8526-495b-94f2-3c653e2c1fb4","31_7_2020","31","7","2020","40"
"e881fa18-07fa-4d42-b765-66644d717b65","11_3_2020","11","3","2020","50"
"e881fa18-07fa-4d42-b765-66644d717b65","12_3_2020","12","3","2020","33.75"
"b4c98e99-8265-4890-85fa-04aff6ab5b13","30_7_2020","30","7","2020","40"
"1847f009-b425-4e62-8286-f20e52fb7ef5","19_5_2020","19","5","2020","41.5"
"5880d293-567a-4b4a-bdb4-3cf7d9315181","30_7_2020","30","7","2020","40"
"1847f009-b425-4e62-8286-f20e52fb7ef5","9_2_2020","9","2","2020","40.5"
"e716fa8b-62e8-463e-afad-ffbef362ade6","16_4_2020","16","4","2020","32.5"
"e0778632-e76a-49ba-9b1d-eb01eb8d8df5","28_7_2020","28","7","2020","40"
"4b9d592d-50e5-423c-b7e3-175aeea7e139","25_6_2020","25","6","2020","40.5"
"4e010ff2-d5a1-42a6-aaaf-0a37e122cffb","15_4_2020","15","4","2020","8"
"19ba4751-2172-4be0-bf24-54c8ee2ee1c4","20_5_2020","20","5","2020","43"
"4e010ff2-d5a1-42a6-aaaf-0a37e122cffb","13_3_2020","13","3","2020","8"
"e0778632-e76a-49ba-9b1d-eb01eb8d8df5","13_3_2020","13","3","2020","40"
"be11fac5-4825-4caa-b0d5-1e3b4f0ecae9","15_4_2020","15","4","2020","24"
"b4c98e99-8265-4890-85fa-04aff6ab5b13","7_2_2020","7","2","2020","52"
"4e010ff2-d5a1-42a6-aaaf-0a37e122cffb","9_2_2020","9","2","2020","10"
"451a7fae-82fb-40f7-b9d1-c71ab4fdef32","15_4_2020","15","4","2020","25.25"
"e0778632-e76a-49ba-9b1d-eb01eb8d8df5","24_6_2020","24","6","2020","40"
"e716fa8b-62e8-463e-afad-ffbef362ade6","31_7_2020","31","7","2020","40"
"7cdcb7be-32fa-4231-8271-549422721c9b","29_7_2020","29","7","2020","40"
"e0778632-e76a-49ba-9b1d-eb01eb8d8df5","31_7_2020","31","7","2020","40"
"e0778632-e76a-49ba-9b1d-eb01eb8d8df5","6_2_2020","6","2","2020","40"
"b6380033-1ff3-456e-b518-a7666e0c72e7","7_2_2020","7","2","2020","40"
"89a590ca-884f-4936-b62d-c8f76d79002c","17_4_2020","17","4","2020","40.75"
"a415e194-bf55-4e97-8ee7-a7fa540ecc8e","27_6_2020","27","6","2020","19"
"4b9d592d-50e5-423c-b7e3-175aeea7e139","17_4_2020","17","4","2020","40.75"
"b4c98e99-8265-4890-85fa-04aff6ab5b13","22_5_2020","22","5","2020","42.5"
"e881fa18-07fa-4d42-b765-66644d717b65","31_7_2020","31","7","2020","36.5"
"8aa34fdd-8885-4c15-a445-0b413705a326","7_2_2020","7","2","2020","40"
"4e010ff2-d5a1-42a6-aaaf-0a37e122cffb","32_8_2020","32","8","2020","8"
"e0778632-e76a-49ba-9b1d-eb01eb8d8df5","30_7_2020","30","7","2020","40"
"a415e194-bf55-4e97-8ee7-a7fa540ecc8e","21_5_2020","21","5","2020","34.5"
"4b9d592d-50e5-423c-b7e3-175aeea7e139","31_7_2020","31","7","2020","40"
"b6380033-1ff3-456e-b518-a7666e0c72e7","29_7_2020","29","7","2020","40"
"e716fa8b-62e8-463e-afad-ffbef362ade6","30_7_2020","30","7","2020","40"
"32cff9bb-65a2-4122-ad00-399992f58ea6","27_6_2020","27","6","2020","19"
"89fe4a65-76ab-4126-82e2-52f425c11f21","14_3_2020","14","3","2020","14.5"
"89fe4a65-76ab-4126-82e2-52f425c11f21","14_4_2020","14","4","2020","25.25"
"fcf15fac-0256-49af-b093-0235c4585e34","16_4_2020","16","4","2020","31.833333333333332"
"75684d5f-2ab3-4aa8-a82b-e084b10f94b4","1_11_2019","1","11","2019","8"
"75684d5f-2ab3-4aa8-a82b-e084b10f94b4","1_0_2020","1","0","2020","15"
"dc12c3f1-9757-4406-a012-57758bcad921","9_2_2020","9","2","2020","40"
"7cdcb7be-32fa-4231-8271-549422721c9b","17_4_2020","17","4","2020","40.083333333333336"
"dc12c3f1-9757-4406-a012-57758bcad921","6_2_2020","6","2","2020","40.5"
"54573d03-85a0-4b2c-80e5-f3f4549e266b","17_4_2020","17","4","2020","40.5"
"fcf15fac-0256-49af-b093-0235c4585e34","11_3_2020","11","3","2020","38.5"
"fcf15fac-0256-49af-b093-0235c4585e34","12_3_2020","12","3","2020","41.25"
"5880d293-567a-4b4a-bdb4-3cf7d9315181","1_1_2020","1","1","2020","16"
"32cff9bb-65a2-4122-ad00-399992f58ea6","28_7_2020","28","7","2020","40"
"be11fac5-4825-4caa-b0d5-1e3b4f0ecae9","10_3_2020","10","3","2020","40"
"0d2a7e56-1519-4225-b7e3-ee857fd014d2","28_7_2020","28","7","2020","40"
"dc12c3f1-9757-4406-a012-57758bcad921","27_7_2020","27","7","2020","24"
"b6380033-1ff3-456e-b518-a7666e0c72e7","27_7_2020","27","7","2020","24.25"
"6c9b5da3-bd2e-460c-98d9-f30f76867355","27_6_2020","27","6","2020","16"
"be11fac5-4825-4caa-b0d5-1e3b4f0ecae9","18_4_2020","18","4","2020","32"
"f3c0fc94-161b-4960-ae2c-82fa663d1143","28_7_2020","28","7","2020","40"
"b6380033-1ff3-456e-b518-a7666e0c72e7","8_2_2020","8","2","2020","40"
"be11fac5-4825-4caa-b0d5-1e3b4f0ecae9","27_7_2020","27","7","2020","24"
"dc12c3f1-9757-4406-a012-57758bcad921","32_8_2020","32","8","2020","40"
"41c4233e-bb22-44f2-bcb4-8f01061c0c28","31_7_2020","31","7","2020","40"
"4e010ff2-d5a1-42a6-aaaf-0a37e122cffb","7_2_2020","7","2","2020","8.5"
"8aa34fdd-8885-4c15-a445-0b413705a326","17_4_2020","17","4","2020","41.25"
"b4c98e99-8265-4890-85fa-04aff6ab5b13","14_3_2020","14","3","2020","16"
"b4c98e99-8265-4890-85fa-04aff6ab5b13","14_4_2020","14","4","2020","24.5"
"d1515707-ab10-49c1-893e-a60b70bd0364","7_2_2020","7","2","2020","40"
"e072544b-169c-4b5f-89ab-391faece6499","31_7_2020","31","7","2020","40"
"b6380033-1ff3-456e-b518-a7666e0c72e7","31_7_2020","31","7","2020","40"
"89fe4a65-76ab-4126-82e2-52f425c11f21","15_4_2020","15","4","2020","20.5"
"89a590ca-884f-4936-b62d-c8f76d79002c","9_2_2020","9","2","2020","32.5"
"1847f009-b425-4e62-8286-f20e52fb7ef5","4_1_2020","4","1","2020","38"
"75684d5f-2ab3-4aa8-a82b-e084b10f94b4","1_12_2019","1","12","2019","8"
"6be2988f-3a43-4d88-b331-5d37b4a7aaab","7_2_2020","7","2","2020","41.5"
"49c65b55-8526-495b-94f2-3c653e2c1fb4","28_7_2020","28","7","2020","37.75"
"b4c98e99-8265-4890-85fa-04aff6ab5b13","8_2_2020","8","2","2020","41.5"
"cc7eed86-e4df-4f32-a3d6-1f48a0bc7d98","29_7_2020","29","7","2020","41"
"e716fa8b-62e8-463e-afad-ffbef362ade6","27_7_2020","27","7","2020","24"
"6c9b5da3-bd2e-460c-98d9-f30f76867355","12_3_2020","12","3","2020","40"
"d1515707-ab10-49c1-893e-a60b70bd0364","10_3_2020","10","3","2020","40"
"32cff9bb-65a2-4122-ad00-399992f58ea6","19_5_2020","19","5","2020","41.5"
"2da05f36-663d-45bd-bf97-407b305b74bf","8_2_2020","8","2","2020","37.75"
"1847f009-b425-4e62-8286-f20e52fb7ef5","1_12_2019","1","12","2019","8"
"1847f009-b425-4e62-8286-f20e52fb7ef5","1_1_2020","1","1","2020","15.5"
"b6380033-1ff3-456e-b518-a7666e0c72e7","9_2_2020","9","2","2020","40"
"e0778632-e76a-49ba-9b1d-eb01eb8d8df5","14_3_2020","14","3","2020","16"
"e0778632-e76a-49ba-9b1d-eb01eb8d8df5","14_4_2020","14","4","2020","24"
"fcf15fac-0256-49af-b093-0235c4585e34","30_7_2020","30","7","2020","40"
"dc12c3f1-9757-4406-a012-57758bcad921","20_5_2020","20","5","2020","50"
"d1515707-ab10-49c1-893e-a60b70bd0364","11_3_2020","11","3","2020","40"
"e881fa18-07fa-4d42-b765-66644d717b65","20_5_2020","20","5","2020","40"
"75684d5f-2ab3-4aa8-a82b-e084b10f94b4","16_4_2020","16","4","2020","32.5"
"a415e194-bf55-4e97-8ee7-a7fa540ecc8e","28_7_2020","28","7","2020","40"
"e716fa8b-62e8-463e-afad-ffbef362ade6","17_4_2020","17","4","2020","40"
"dc12c3f1-9757-4406-a012-57758bcad921","16_4_2020","16","4","2020","32"
"343a795c-7ee4-40d1-8ef5-f93b85059a50","27_6_2020","27","6","2020","16"
"89a590ca-884f-4936-b62d-c8f76d79002c","14_3_2020","14","3","2020","19"
"89a590ca-884f-4936-b62d-c8f76d79002c","14_4_2020","14","4","2020","28"
"fcf15fac-0256-49af-b093-0235c4585e34","5_1_2020","5","1","2020","36.5"
"5880d293-567a-4b4a-bdb4-3cf7d9315181","13_3_2020","13","3","2020","42"
"b4c98e99-8265-4890-85fa-04aff6ab5b13","1_12_2019","1","12","2019","8"
"b4c98e99-8265-4890-85fa-04aff6ab5b13","1_1_2020","1","1","2020","16"
"6c9b5da3-bd2e-460c-98d9-f30f76867355","19_5_2020","19","5","2020","40"
"d1515707-ab10-49c1-893e-a60b70bd0364","12_3_2020","12","3","2020","40"
"e0778632-e76a-49ba-9b1d-eb01eb8d8df5","21_5_2020","21","5","2020","32.5"
"54573d03-85a0-4b2c-80e5-f3f4549e266b","29_7_2020","29","7","2020","40"
"75684d5f-2ab3-4aa8-a82b-e084b10f94b4","14_3_2020","14","3","2020","17.75"
"75684d5f-2ab3-4aa8-a82b-e084b10f94b4","14_4_2020","14","4","2020","25.75"
"32cff9bb-65a2-4122-ad00-399992f58ea6","8_2_2020","8","2","2020","40"
"89a590ca-884f-4936-b62d-c8f76d79002c","8_2_2020","8","2","2020","41.5"
"fcf15fac-0256-49af-b093-0235c4585e34","13_3_2020","13","3","2020","39"
"fcf15fac-0256-49af-b093-0235c4585e34","14_3_2020","14","3","2020","22.166666666666668"
"41c4233e-bb22-44f2-bcb4-8f01061c0c28","12_3_2020","12","3","2020","41"
"e716fa8b-62e8-463e-afad-ffbef362ade6","32_8_2020","32","8","2020","40"
"4e010ff2-d5a1-42a6-aaaf-0a37e122cffb","19_5_2020","19","5","2020","8"
"19ba4751-2172-4be0-bf24-54c8ee2ee1c4","29_7_2020","29","7","2020","40"
"5880d293-567a-4b4a-bdb4-3cf7d9315181","16_4_2020","16","4","2020","31.75"
"4b9d592d-50e5-423c-b7e3-175aeea7e139","15_4_2020","15","4","2020","24.75"
"1847f009-b425-4e62-8286-f20e52fb7ef5","17_4_2020","17","4","2020","35.75"
"6be2988f-3a43-4d88-b331-5d37b4a7aaab","27_7_2020","27","7","2020","24"
"0d2a7e56-1519-4225-b7e3-ee857fd014d2","21_5_2020","21","5","2020","31"
"8aa34fdd-8885-4c15-a445-0b413705a326","11_3_2020","11","3","2020","40.5"
"d1515707-ab10-49c1-893e-a60b70bd0364","30_7_2020","30","7","2020","40"
"0d2a7e56-1519-4225-b7e3-ee857fd014d2","31_7_2020","31","7","2020","40"
"89fe4a65-76ab-4126-82e2-52f425c11f21","11_3_2020","11","3","2020","39.5"
"9fbd8b04-ea58-47df-bacb-6f14eedec3fa","30_7_2020","30","7","2020","40"
"6be2988f-3a43-4d88-b331-5d37b4a7aaab","19_5_2020","19","5","2020","41.5"
"41c4233e-bb22-44f2-bcb4-8f01061c0c28","51_11_2019","51","11","2019","38.25"
"b6380033-1ff3-456e-b518-a7666e0c72e7","18_4_2020","18","4","2020","33"
"b6380033-1ff3-456e-b518-a7666e0c72e7","18_5_2020","18","5","2020","2"
"be11fac5-4825-4caa-b0d5-1e3b4f0ecae9","11_3_2020","11","3","2020","40"
"75684d5f-2ab3-4aa8-a82b-e084b10f94b4","6_2_2020","6","2","2020","47.5"
"cc7eed86-e4df-4f32-a3d6-1f48a0bc7d98","31_7_2020","31","7","2020","41"
"49c65b55-8526-495b-94f2-3c653e2c1fb4","16_4_2020","16","4","2020","29.5"
"4e010ff2-d5a1-42a6-aaaf-0a37e122cffb","24_6_2020","24","6","2020","8"
"343a795c-7ee4-40d1-8ef5-f93b85059a50","19_5_2020","19","5","2020","34.25"
"1847f009-b425-4e62-8286-f20e52fb7ef5","15_4_2020","15","4","2020","19.5"
"32cff9bb-65a2-4122-ad00-399992f58ea6","16_4_2020","16","4","2020","38.5"
"b4c98e99-8265-4890-85fa-04aff6ab5b13","9_2_2020","9","2","2020","42"
"8aa34fdd-8885-4c15-a445-0b413705a326","12_3_2020","12","3","2020","40.5"
"be11fac5-4825-4caa-b0d5-1e3b4f0ecae9","8_2_2020","8","2","2020","41"
"583ee621-6cb0-4fb0-b82e-f60232e3e57e","19_5_2020","19","5","2020","40"
"75684d5f-2ab3-4aa8-a82b-e084b10f94b4","28_7_2020","28","7","2020","42.5"
"2da05f36-663d-45bd-bf97-407b305b74bf","19_5_2020","19","5","2020","50.75"
"dc12c3f1-9757-4406-a012-57758bcad921","7_2_2020","7","2","2020","39"
"451a7fae-82fb-40f7-b9d1-c71ab4fdef32","11_3_2020","11","3","2020","46.5"
"2da05f36-663d-45bd-bf97-407b305b74bf","9_2_2020","9","2","2020","1"
"583ee621-6cb0-4fb0-b82e-f60232e3e57e","31_7_2020","31","7","2020","40"
"19ba4751-2172-4be0-bf24-54c8ee2ee1c4","49_11_2019","49","11","2019","40"
"54573d03-85a0-4b2c-80e5-f3f4549e266b","15_4_2020","15","4","2020","23.75"
"6be2988f-3a43-4d88-b331-5d37b4a7aaab","26_6_2020","26","6","2020","45"
"32cff9bb-65a2-4122-ad00-399992f58ea6","13_3_2020","13","3","2020","51"
"8aa34fdd-8885-4c15-a445-0b413705a326","18_4_2020","18","4","2020","32"
"360c64e0-63a2-409c-b2f2-5a73c3bdf70b","29_7_2020","29","7","2020","41.75"
"19ba4751-2172-4be0-bf24-54c8ee2ee1c4","12_3_2020","12","3","2020","40"
"fcf15fac-0256-49af-b093-0235c4585e34","29_7_2020","29","7","2020","40"
"e0778632-e76a-49ba-9b1d-eb01eb8d8df5","27_7_2020","27","7","2020","24"
"19ba4751-2172-4be0-bf24-54c8ee2ee1c4","50_11_2019","50","11","2019","49.5"
"343a795c-7ee4-40d1-8ef5-f93b85059a50","18_4_2020","18","4","2020","28.5"
"6be2988f-3a43-4d88-b331-5d37b4a7aaab","18_4_2020","18","4","2020","33"
"6be2988f-3a43-4d88-b331-5d37b4a7aaab","5_1_2020","5","1","2020","50"
"e0778632-e76a-49ba-9b1d-eb01eb8d8df5","8_2_2020","8","2","2020","40"
"b6380033-1ff3-456e-b518-a7666e0c72e7","19_5_2020","19","5","2020","38.5"
"32cff9bb-65a2-4122-ad00-399992f58ea6","6_2_2020","6","2","2020","40"
"e716fa8b-62e8-463e-afad-ffbef362ade6","27_6_2020","27","6","2020","10"
"cc7eed86-e4df-4f32-a3d6-1f48a0bc7d98","19_5_2020","19","5","2020","41"
"5880d293-567a-4b4a-bdb4-3cf7d9315181","6_2_2020","6","2","2020","39.75"
"6be2988f-3a43-4d88-b331-5d37b4a7aaab","14_3_2020","14","3","2020","20.5"
"6be2988f-3a43-4d88-b331-5d37b4a7aaab","14_4_2020","14","4","2020","27.5"
"89fe4a65-76ab-4126-82e2-52f425c11f21","28_7_2020","28","7","2020","40"
"b6380033-1ff3-456e-b518-a7666e0c72e7","16_4_2020","16","4","2020","40.5"
"b4c98e99-8265-4890-85fa-04aff6ab5b13","15_4_2020","15","4","2020","24"
"4e010ff2-d5a1-42a6-aaaf-0a37e122cffb","26_6_2020","26","6","2020","8"
"4e010ff2-d5a1-42a6-aaaf-0a37e122cffb","20_5_2020","20","5","2020","8.5"
"32cff9bb-65a2-4122-ad00-399992f58ea6","7_2_2020","7","2","2020","40.5"
"e881fa18-07fa-4d42-b765-66644d717b65","29_7_2020","29","7","2020","40"
"1847f009-b425-4e62-8286-f20e52fb7ef5","13_3_2020","13","3","2020","41.25"
"75684d5f-2ab3-4aa8-a82b-e084b10f94b4","20_5_2020","20","5","2020","41"
"7cdcb7be-32fa-4231-8271-549422721c9b","13_3_2020","13","3","2020","43"
"5880d293-567a-4b4a-bdb4-3cf7d9315181","7_2_2020","7","2","2020","38"
"fcf15fac-0256-49af-b093-0235c4585e34","15_4_2020","15","4","2020","24"
"343a795c-7ee4-40d1-8ef5-f93b85059a50","9_2_2020","9","2","2020","35.5"
"75684d5f-2ab3-4aa8-a82b-e084b10f94b4","9_2_2020","9","2","2020","44"
"75684d5f-2ab3-4aa8-a82b-e084b10f94b4","10_3_2020","10","3","2020","50.5"
"4e010ff2-d5a1-42a6-aaaf-0a37e122cffb","21_5_2020","21","5","2020","8"
"32cff9bb-65a2-4122-ad00-399992f58ea6","17_4_2020","17","4","2020","45"
"0d2a7e56-1519-4225-b7e3-ee857fd014d2","8_2_2020","8","2","2020","40.5"
"d1515707-ab10-49c1-893e-a60b70bd0364","18_4_2020","18","4","2020","32"
"1847f009-b425-4e62-8286-f20e52fb7ef5","49_11_2019","49","11","2019","41"
"5880d293-567a-4b4a-bdb4-3cf7d9315181","8_2_2020","8","2","2020","40"
"49c65b55-8526-495b-94f2-3c653e2c1fb4","14_3_2020","14","3","2020","17.5"
"49c65b55-8526-495b-94f2-3c653e2c1fb4","14_4_2020","14","4","2020","14.5"
"6c9b5da3-bd2e-460c-98d9-f30f76867355","31_7_2020","31","7","2020","40"
"e716fa8b-62e8-463e-afad-ffbef362ade6","28_7_2020","28","7","2020","40"
"b4c98e99-8265-4890-85fa-04aff6ab5b13","20_5_2020","20","5","2020","41"
"d1515707-ab10-49c1-893e-a60b70bd0364","8_2_2020","8","2","2020","40"
"e0778632-e76a-49ba-9b1d-eb01eb8d8df5","7_2_2020","7","2","2020","40"
"b6380033-1ff3-456e-b518-a7666e0c72e7","28_7_2020","28","7","2020","40"
"5880d293-567a-4b4a-bdb4-3cf7d9315181","9_2_2020","9","2","2020","37.25"
"583ee621-6cb0-4fb0-b82e-f60232e3e57e","14_3_2020","14","3","2020","16"
"583ee621-6cb0-4fb0-b82e-f60232e3e57e","14_4_2020","14","4","2020","24.5"
"dc12c3f1-9757-4406-a012-57758bcad921","21_5_2020","21","5","2020","24"
"451a7fae-82fb-40f7-b9d1-c71ab4fdef32","18_4_2020","18","4","2020","35.5"
"343a795c-7ee4-40d1-8ef5-f93b85059a50","11_3_2020","11","3","2020","37.5"
"1847f009-b425-4e62-8286-f20e52fb7ef5","3_1_2020","3","1","2020","41"
"5880d293-567a-4b4a-bdb4-3cf7d9315181","19_5_2020","19","5","2020","41.5"
"5880d293-567a-4b4a-bdb4-3cf7d9315181","10_3_2020","10","3","2020","43"
"be11fac5-4825-4caa-b0d5-1e3b4f0ecae9","9_2_2020","9","2","2020","40.5"
"360c64e0-63a2-409c-b2f2-5a73c3bdf70b","13_3_2020","13","3","2020","37.25"
"6c9b5da3-bd2e-460c-98d9-f30f76867355","18_4_2020","18","4","2020","32"
"451a7fae-82fb-40f7-b9d1-c71ab4fdef32","6_2_2020","6","2","2020","40"
"451a7fae-82fb-40f7-b9d1-c71ab4fdef32","5_1_2020","5","1","2020","46"
"a415e194-bf55-4e97-8ee7-a7fa540ecc8e","8_2_2020","8","2","2020","39.5"
"e881fa18-07fa-4d42-b765-66644d717b65","9_2_2020","9","2","2020","37.5"
"7cdcb7be-32fa-4231-8271-549422721c9b","10_3_2020","10","3","2020","44"
"5880d293-567a-4b4a-bdb4-3cf7d9315181","12_3_2020","12","3","2020","42.75"
"49c65b55-8526-495b-94f2-3c653e2c1fb4","7_2_2020","7","2","2020","46.5"
"360c64e0-63a2-409c-b2f2-5a73c3bdf70b","20_5_2020","20","5","2020","39.5"
"0d2a7e56-1519-4225-b7e3-ee857fd014d2","17_4_2020","17","4","2020","40"
"a415e194-bf55-4e97-8ee7-a7fa540ecc8e","9_2_2020","9","2","2020","40"
"e881fa18-07fa-4d42-b765-66644d717b65","13_3_2020","13","3","2020","36"
"6c9b5da3-bd2e-460c-98d9-f30f76867355","17_4_2020","17","4","2020","40"
"41c4233e-bb22-44f2-bcb4-8f01061c0c28","15_4_2020","15","4","2020","21.5"
"6c9b5da3-bd2e-460c-98d9-f30f76867355","6_2_2020","6","2","2020","34"
"6c9b5da3-bd2e-460c-98d9-f30f76867355","7_2_2020","7","2","2020","41.5"
"fcf15fac-0256-49af-b093-0235c4585e34","19_5_2020","19","5","2020","37.75"
"75684d5f-2ab3-4aa8-a82b-e084b10f94b4","17_4_2020","17","4","2020","40.75"
"1847f009-b425-4e62-8286-f20e52fb7ef5","2_1_2020","2","1","2020","38.5"
"e881fa18-07fa-4d42-b765-66644d717b65","8_2_2020","8","2","2020","36.5"
"343a795c-7ee4-40d1-8ef5-f93b85059a50","13_3_2020","13","3","2020","41"
"7cdcb7be-32fa-4231-8271-549422721c9b","11_3_2020","11","3","2020","52.5"
"41c4233e-bb22-44f2-bcb4-8f01061c0c28","6_2_2020","6","2","2020","40.5"
"5880d293-567a-4b4a-bdb4-3cf7d9315181","49_11_2019","49","11","2019","40"
"19ba4751-2172-4be0-bf24-54c8ee2ee1c4","18_4_2020","18","4","2020","34.5"
"343a795c-7ee4-40d1-8ef5-f93b85059a50","17_4_2020","17","4","2020","33.5"
"7cdcb7be-32fa-4231-8271-549422721c9b","12_3_2020","12","3","2020","66.25"
"b6380033-1ff3-456e-b518-a7666e0c72e7","10_3_2020","10","3","2020","40.5"
"dc12c3f1-9757-4406-a012-57758bcad921","14_3_2020","14","3","2020","16"
"dc12c3f1-9757-4406-a012-57758bcad921","14_4_2020","14","4","2020","25"
"e716fa8b-62e8-463e-afad-ffbef362ade6","6_2_2020","6","2","2020","53.5"
"6c9b5da3-bd2e-460c-98d9-f30f76867355","14_3_2020","14","3","2020","16.5"
"6c9b5da3-bd2e-460c-98d9-f30f76867355","14_4_2020","14","4","2020","25.5"
"fcf15fac-0256-49af-b093-0235c4585e34","2_1_2020","2","1","2020","46"
"a415e194-bf55-4e97-8ee7-a7fa540ecc8e","6_2_2020","6","2","2020","40"
"451a7fae-82fb-40f7-b9d1-c71ab4fdef32","19_5_2020","19","5","2020","41.75"
"d1515707-ab10-49c1-893e-a60b70bd0364","14_3_2020","14","3","2020","16"
"d1515707-ab10-49c1-893e-a60b70bd0364","14_4_2020","14","4","2020","24"
"0d2a7e56-1519-4225-b7e3-ee857fd014d2","6_2_2020","6","2","2020","41.5"
"8aa34fdd-8885-4c15-a445-0b413705a326","14_3_2020","14","3","2020","16"
"8aa34fdd-8885-4c15-a445-0b413705a326","14_4_2020","14","4","2020","24.5"
"343a795c-7ee4-40d1-8ef5-f93b85059a50","6_2_2020","6","2","2020","37.5"
"32cff9bb-65a2-4122-ad00-399992f58ea6","18_4_2020","18","4","2020","34"
"f3c0fc94-161b-4960-ae2c-82fa663d1143","14_3_2020","14","3","2020","15"
"f3c0fc94-161b-4960-ae2c-82fa663d1143","14_4_2020","14","4","2020","25.5"
"2da05f36-663d-45bd-bf97-407b305b74bf","20_5_2020","20","5","2020","44.5"
"f3c0fc94-161b-4960-ae2c-82fa663d1143","9_2_2020","9","2","2020","40"
"4e010ff2-d5a1-42a6-aaaf-0a37e122cffb","27_7_2020","27","7","2020","8"
"19ba4751-2172-4be0-bf24-54c8ee2ee1c4","16_4_2020","16","4","2020","32"
"b4c98e99-8265-4890-85fa-04aff6ab5b13","17_4_2020","17","4","2020","42"
"7cdcb7be-32fa-4231-8271-549422721c9b","15_4_2020","15","4","2020","24"
"fcf15fac-0256-49af-b093-0235c4585e34","3_1_2020","3","1","2020","51.5"
"fcf15fac-0256-49af-b093-0235c4585e34","4_1_2020","4","1","2020","41.75"
"fcf15fac-0256-49af-b093-0235c4585e34","9_2_2020","9","2","2020","43"
"fcf15fac-0256-49af-b093-0235c4585e34","10_3_2020","10","3","2020","1"
"0d2a7e56-1519-4225-b7e3-ee857fd014d2","7_2_2020","7","2","2020","40.5"
"41c4233e-bb22-44f2-bcb4-8f01061c0c28","13_3_2020","13","3","2020","36.25"
"41c4233e-bb22-44f2-bcb4-8f01061c0c28","18_4_2020","18","4","2020","37.21666666666667"
"41c4233e-bb22-44f2-bcb4-8f01061c0c28","29_7_2020","29","7","2020","40"
"583ee621-6cb0-4fb0-b82e-f60232e3e57e","20_5_2020","20","5","2020","41.75"
"4b9d592d-50e5-423c-b7e3-175aeea7e139","9_2_2020","9","2","2020","42"
"8aa34fdd-8885-4c15-a445-0b413705a326","27_6_2020","27","6","2020","16.5"
"6c9b5da3-bd2e-460c-98d9-f30f76867355","4_1_2020","4","1","2020","52.5"
"e716fa8b-62e8-463e-afad-ffbef362ade6","19_5_2020","19","5","2020","40"
"e072544b-169c-4b5f-89ab-391faece6499","17_4_2020","17","4","2020","40.75"
"5880d293-567a-4b4a-bdb4-3cf7d9315181","18_4_2020","18","4","2020","33"
"6be2988f-3a43-4d88-b331-5d37b4a7aaab","17_4_2020","17","4","2020","43"
"19ba4751-2172-4be0-bf24-54c8ee2ee1c4","17_4_2020","17","4","2020","40"
"6c9b5da3-bd2e-460c-98d9-f30f76867355","5_1_2020","5","1","2020","40"
"e881fa18-07fa-4d42-b765-66644d717b65","6_2_2020","6","2","2020","41"
"e881fa18-07fa-4d42-b765-66644d717b65","7_2_2020","7","2","2020","46.5"
"75684d5f-2ab3-4aa8-a82b-e084b10f94b4","11_3_2020","11","3","2020","48.5"
"e072544b-169c-4b5f-89ab-391faece6499","14_3_2020","14","3","2020","16.75"
"e072544b-169c-4b5f-89ab-391faece6499","14_4_2020","14","4","2020","26"
"4e010ff2-d5a1-42a6-aaaf-0a37e122cffb","10_3_2020","10","3","2020","8"
"4b9d592d-50e5-423c-b7e3-175aeea7e139","8_2_2020","8","2","2020","40.5"
"451a7fae-82fb-40f7-b9d1-c71ab4fdef32","20_5_2020","20","5","2020","41.08333333333333"
"89fe4a65-76ab-4126-82e2-52f425c11f21","6_2_2020","6","2","2020","35.5"
"583ee621-6cb0-4fb0-b82e-f60232e3e57e","10_3_2020","10","3","2020","56.5"
"75684d5f-2ab3-4aa8-a82b-e084b10f94b4","3_1_2020","3","1","2020","45"
"5880d293-567a-4b4a-bdb4-3cf7d9315181","15_4_2020","15","4","2020","25"
"4b9d592d-50e5-423c-b7e3-175aeea7e139","20_5_2020","20","5","2020","40"
"6be2988f-3a43-4d88-b331-5d37b4a7aaab","8_2_2020","8","2","2020","42"
"32cff9bb-65a2-4122-ad00-399992f58ea6","12_3_2020","12","3","2020","45"
"6be2988f-3a43-4d88-b331-5d37b4a7aaab","6_2_2020","6","2","2020","43"
"4b9d592d-50e5-423c-b7e3-175aeea7e139","7_2_2020","7","2","2020","42"
"e0778632-e76a-49ba-9b1d-eb01eb8d8df5","12_3_2020","12","3","2020","40"
"e0778632-e76a-49ba-9b1d-eb01eb8d8df5","11_3_2020","11","3","2020","40"
"54573d03-85a0-4b2c-80e5-f3f4549e266b","20_5_2020","20","5","2020","40"
"dc12c3f1-9757-4406-a012-57758bcad921","15_4_2020","15","4","2020","24"
"6c9b5da3-bd2e-460c-98d9-f30f76867355","8_2_2020","8","2","2020","40"
"cc7eed86-e4df-4f32-a3d6-1f48a0bc7d98","17_4_2020","17","4","2020","40.5"
"1847f009-b425-4e62-8286-f20e52fb7ef5","12_3_2020","12","3","2020","43.25"
"4b9d592d-50e5-423c-b7e3-175aeea7e139","6_2_2020","6","2","2020","53.5"
"32cff9bb-65a2-4122-ad00-399992f58ea6","9_2_2020","9","2","2020","40"
"41c4233e-bb22-44f2-bcb4-8f01061c0c28","9_2_2020","9","2","2020","40.25"
"4b9d592d-50e5-423c-b7e3-175aeea7e139","11_3_2020","11","3","2020","40"
"89a590ca-884f-4936-b62d-c8f76d79002c","18_4_2020","18","4","2020","32"
"6c9b5da3-bd2e-460c-98d9-f30f76867355","3_1_2020","3","1","2020","42"
"b4c98e99-8265-4890-85fa-04aff6ab5b13","6_2_2020","6","2","2020","40"
"1847f009-b425-4e62-8286-f20e52fb7ef5","18_4_2020","18","4","2020","32"
"583ee621-6cb0-4fb0-b82e-f60232e3e57e","11_3_2020","11","3","2020","40"
"89fe4a65-76ab-4126-82e2-52f425c11f21","10_3_2020","10","3","2020","43"
"8aa34fdd-8885-4c15-a445-0b413705a326","10_3_2020","10","3","2020","40"
"6c9b5da3-bd2e-460c-98d9-f30f76867355","2_1_2020","2","1","2020","40"
"583ee621-6cb0-4fb0-b82e-f60232e3e57e","15_4_2020","15","4","2020","15.25"
"583ee621-6cb0-4fb0-b82e-f60232e3e57e","12_3_2020","12","3","2020","41.25"
"b6380033-1ff3-456e-b518-a7666e0c72e7","11_3_2020","11","3","2020","40.5"
"343a795c-7ee4-40d1-8ef5-f93b85059a50","16_4_2020","16","4","2020","31.5"
"19ba4751-2172-4be0-bf24-54c8ee2ee1c4","13_3_2020","13","3","2020","45.75"
"e716fa8b-62e8-463e-afad-ffbef362ade6","7_2_2020","7","2","2020","40.5"
"41c4233e-bb22-44f2-bcb4-8f01061c0c28","8_2_2020","8","2","2020","53.75"
"19ba4751-2172-4be0-bf24-54c8ee2ee1c4","2_1_2020","2","1","2020","45"
"89a590ca-884f-4936-b62d-c8f76d79002c","15_4_2020","15","4","2020","18"
"a415e194-bf55-4e97-8ee7-a7fa540ecc8e","13_3_2020","13","3","2020","43"
"fcf15fac-0256-49af-b093-0235c4585e34","14_4_2020","14","4","2020","19.75"
"0d2a7e56-1519-4225-b7e3-ee857fd014d2","14_3_2020","14","3","2020","16.25"
"0d2a7e56-1519-4225-b7e3-ee857fd014d2","14_4_2020","14","4","2020","25.25"
"583ee621-6cb0-4fb0-b82e-f60232e3e57e","13_3_2020","13","3","2020","41.75"
"49c65b55-8526-495b-94f2-3c653e2c1fb4","11_3_2020","11","3","2020","52.5"
"49c65b55-8526-495b-94f2-3c653e2c1fb4","12_3_2020","12","3","2020","6"
"fcf15fac-0256-49af-b093-0235c4585e34","7_2_2020","7","2","2020","40.5"
"fcf15fac-0256-49af-b093-0235c4585e34","8_2_2020","8","2","2020","39.5"
"360c64e0-63a2-409c-b2f2-5a73c3bdf70b","12_3_2020","12","3","2020","44.25"
"89fe4a65-76ab-4126-82e2-52f425c11f21","12_3_2020","12","3","2020","37.83333333333333"
"b6380033-1ff3-456e-b518-a7666e0c72e7","15_4_2020","15","4","2020","24"
"4e010ff2-d5a1-42a6-aaaf-0a37e122cffb","18_4_2020","18","4","2020","7"
"451a7fae-82fb-40f7-b9d1-c71ab4fdef32","10_3_2020","10","3","2020","43"
"fcf15fac-0256-49af-b093-0235c4585e34","18_4_2020","18","4","2020","30.75"
"fcf15fac-0256-49af-b093-0235c4585e34","18_5_2020","18","5","2020","1.5"
"360c64e0-63a2-409c-b2f2-5a73c3bdf70b","11_3_2020","11","3","2020","46"
"e716fa8b-62e8-463e-afad-ffbef362ade6","8_2_2020","8","2","2020","40.5"
"32cff9bb-65a2-4122-ad00-399992f58ea6","15_4_2020","15","4","2020","26.5"
"49c65b55-8526-495b-94f2-3c653e2c1fb4","19_5_2020","19","5","2020","37.75"
"343a795c-7ee4-40d1-8ef5-f93b85059a50","7_2_2020","7","2","2020","34.5"
"360c64e0-63a2-409c-b2f2-5a73c3bdf70b","10_3_2020","10","3","2020","41"
"19ba4751-2172-4be0-bf24-54c8ee2ee1c4","1_12_2019","1","12","2019","8"
"19ba4751-2172-4be0-bf24-54c8ee2ee1c4","1_1_2020","1","1","2020","18"
"75684d5f-2ab3-4aa8-a82b-e084b10f94b4","5_1_2020","5","1","2020","41.5"
"8aa34fdd-8885-4c15-a445-0b413705a326","8_2_2020","8","2","2020","40"
"b4c98e99-8265-4890-85fa-04aff6ab5b13","10_3_2020","10","3","2020","41.5"
"2da05f36-663d-45bd-bf97-407b305b74bf","14_3_2020","14","3","2020","17.666666666666664"
"2da05f36-663d-45bd-bf97-407b305b74bf","14_4_2020","14","4","2020","25.75"
"2da05f36-663d-45bd-bf97-407b305b74bf","15_4_2020","15","4","2020","23"
"be11fac5-4825-4caa-b0d5-1e3b4f0ecae9","20_5_2020","20","5","2020","40"
"343a795c-7ee4-40d1-8ef5-f93b85059a50","14_3_2020","14","3","2020","16.5"
"343a795c-7ee4-40d1-8ef5-f93b85059a50","14_4_2020","14","4","2020","24"
"f3c0fc94-161b-4960-ae2c-82fa663d1143","13_3_2020","13","3","2020","40"
"1847f009-b425-4e62-8286-f20e52fb7ef5","6_2_2020","6","2","2020","39"
"1847f009-b425-4e62-8286-f20e52fb7ef5","7_2_2020","7","2","2020","41.5"
"e072544b-169c-4b5f-89ab-391faece6499","16_4_2020","16","4","2020","33"
"e0778632-e76a-49ba-9b1d-eb01eb8d8df5","27_6_2020","27","6","2020","16"
"4e010ff2-d5a1-42a6-aaaf-0a37e122cffb","11_3_2020","11","3","2020","8"
"0d2a7e56-1519-4225-b7e3-ee857fd014d2","15_4_2020","15","4","2020","23.5"
"4b9d592d-50e5-423c-b7e3-175aeea7e139","10_3_2020","10","3","2020","40"
"4b9d592d-50e5-423c-b7e3-175aeea7e139","13_3_2020","13","3","2020","40.5"
"89fe4a65-76ab-4126-82e2-52f425c11f21","16_4_2020","16","4","2020","33.75"
"41c4233e-bb22-44f2-bcb4-8f01061c0c28","49_11_2019","49","11","2019","40.5"
"360c64e0-63a2-409c-b2f2-5a73c3bdf70b","17_4_2020","17","4","2020","41"
"a415e194-bf55-4e97-8ee7-a7fa540ecc8e","10_3_2020","10","3","2020","45.5"
"89a590ca-884f-4936-b62d-c8f76d79002c","7_2_2020","7","2","2020","45"
"8aa34fdd-8885-4c15-a445-0b413705a326","19_5_2020","19","5","2020","40"
"e716fa8b-62e8-463e-afad-ffbef362ade6","14_3_2020","14","3","2020","19"
"e716fa8b-62e8-463e-afad-ffbef362ade6","14_4_2020","14","4","2020","21.75"
"41c4233e-bb22-44f2-bcb4-8f01061c0c28","16_4_2020","16","4","2020","22"
"6c9b5da3-bd2e-460c-98d9-f30f76867355","10_3_2020","10","3","2020","37.5"
"89fe4a65-76ab-4126-82e2-52f425c11f21","13_3_2020","13","3","2020","43.75"
"1847f009-b425-4e62-8286-f20e52fb7ef5","52_12_2019","52","12","2019","16"
"19ba4751-2172-4be0-bf24-54c8ee2ee1c4","11_3_2020","11","3","2020","42.5"
"e881fa18-07fa-4d42-b765-66644d717b65","17_4_2020","17","4","2020","40"
"89a590ca-884f-4936-b62d-c8f76d79002c","12_3_2020","12","3","2020","43.25"
"54573d03-85a0-4b2c-80e5-f3f4549e266b","16_4_2020","16","4","2020","32.25"
"e716fa8b-62e8-463e-afad-ffbef362ade6","15_4_2020","15","4","2020","23.5"
"583ee621-6cb0-4fb0-b82e-f60232e3e57e","18_4_2020","18","4","2020","34.25"
"d1515707-ab10-49c1-893e-a60b70bd0364","17_4_2020","17","4","2020","40"
"19ba4751-2172-4be0-bf24-54c8ee2ee1c4","7_2_2020","7","2","2020","39.5"
"1847f009-b425-4e62-8286-f20e52fb7ef5","11_3_2020","11","3","2020","44.25"
"e716fa8b-62e8-463e-afad-ffbef362ade6","18_4_2020","18","4","2020","32.5"
"89a590ca-884f-4936-b62d-c8f76d79002c","13_3_2020","13","3","2020","38.75"
"f3c0fc94-161b-4960-ae2c-82fa663d1143","6_2_2020","6","2","2020","40.5"
"343a795c-7ee4-40d1-8ef5-f93b85059a50","12_3_2020","12","3","2020","41.75"
"360c64e0-63a2-409c-b2f2-5a73c3bdf70b","18_4_2020","18","4","2020","28"
"4e010ff2-d5a1-42a6-aaaf-0a37e122cffb","5_1_2020","5","1","2020","8"
"d1515707-ab10-49c1-893e-a60b70bd0364","16_4_2020","16","4","2020","32"
"b6380033-1ff3-456e-b518-a7666e0c72e7","12_3_2020","12","3","2020","41"
"e072544b-169c-4b5f-89ab-391faece6499","15_4_2020","15","4","2020","24"
"6c9b5da3-bd2e-460c-98d9-f30f76867355","16_4_2020","16","4","2020","32"
"49c65b55-8526-495b-94f2-3c653e2c1fb4","20_5_2020","20","5","2020","42.5"
"4b9d592d-50e5-423c-b7e3-175aeea7e139","14_3_2020","14","3","2020","16"
"4b9d592d-50e5-423c-b7e3-175aeea7e139","14_4_2020","14","4","2020","24"
"19ba4751-2172-4be0-bf24-54c8ee2ee1c4","3_1_2020","3","1","2020","40"
"e0778632-e76a-49ba-9b1d-eb01eb8d8df5","19_5_2020","19","5","2020","40"
"360c64e0-63a2-409c-b2f2-5a73c3bdf70b","16_4_2020","16","4","2020","33"
"e881fa18-07fa-4d42-b765-66644d717b65","19_5_2020","19","5","2020","40"
"f3c0fc94-161b-4960-ae2c-82fa663d1143","12_3_2020","12","3","2020","40.5"
"6be2988f-3a43-4d88-b331-5d37b4a7aaab","15_4_2020","15","4","2020","25"
"1847f009-b425-4e62-8286-f20e52fb7ef5","50_11_2019","50","11","2019","45.41666666666667"
"54573d03-85a0-4b2c-80e5-f3f4549e266b","18_4_2020","18","4","2020","31"
"41c4233e-bb22-44f2-bcb4-8f01061c0c28","10_3_2020","10","3","2020","54.416666666666664"
"8aa34fdd-8885-4c15-a445-0b413705a326","9_2_2020","9","2","2020","40"
"1847f009-b425-4e62-8286-f20e52fb7ef5","16_4_2020","16","4","2020","35.25"
"19ba4751-2172-4be0-bf24-54c8ee2ee1c4","4_1_2020","4","1","2020","40"
"a415e194-bf55-4e97-8ee7-a7fa540ecc8e","7_2_2020","7","2","2020","40"
"5880d293-567a-4b4a-bdb4-3cf7d9315181","14_3_2020","14","3","2020","19.5"
"5880d293-567a-4b4a-bdb4-3cf7d9315181","14_4_2020","14","4","2020","14"
"5880d293-567a-4b4a-bdb4-3cf7d9315181","52_11_2019","52","11","2019","16"
"6c9b5da3-bd2e-460c-98d9-f30f76867355","9_2_2020","9","2","2020","36.5"
"b6380033-1ff3-456e-b518-a7666e0c72e7","17_4_2020","17","4","2020","40.5"
"e716fa8b-62e8-463e-afad-ffbef362ade6","13_3_2020","13","3","2020","37.5"
"49c65b55-8526-495b-94f2-3c653e2c1fb4","15_4_2020","15","4","2020","19"
"343a795c-7ee4-40d1-8ef5-f93b85059a50","10_3_2020","10","3","2020","36"
"19ba4751-2172-4be0-bf24-54c8ee2ee1c4","19_5_2020","19","5","2020","44"
"be11fac5-4825-4caa-b0d5-1e3b4f0ecae9","19_5_2020","19","5","2020","40"
"0d2a7e56-1519-4225-b7e3-ee857fd014d2","18_4_2020","18","4","2020","32"
"5880d293-567a-4b4a-bdb4-3cf7d9315181","1_11_2019","1","11","2019","8"
"5880d293-567a-4b4a-bdb4-3cf7d9315181","1_0_2020","1","0","2020","16"
"4b9d592d-50e5-423c-b7e3-175aeea7e139","5_1_2020","5","1","2020","42"
"d1515707-ab10-49c1-893e-a60b70bd0364","9_2_2020","9","2","2020","40"
"e716fa8b-62e8-463e-afad-ffbef362ade6","12_3_2020","12","3","2020","39.5"
"5880d293-567a-4b4a-bdb4-3cf7d9315181","50_11_2019","50","11","2019","40.5"
"e881fa18-07fa-4d42-b765-66644d717b65","14_3_2020","14","3","2020","15.5"
"e881fa18-07fa-4d42-b765-66644d717b65","14_4_2020","14","4","2020","22"
"f3c0fc94-161b-4960-ae2c-82fa663d1143","10_3_2020","10","3","2020","40"
"19ba4751-2172-4be0-bf24-54c8ee2ee1c4","14_3_2020","14","3","2020","16"
"19ba4751-2172-4be0-bf24-54c8ee2ee1c4","14_4_2020","14","4","2020","24.75"
"4e010ff2-d5a1-42a6-aaaf-0a37e122cffb","12_3_2020","12","3","2020","8"
"b4c98e99-8265-4890-85fa-04aff6ab5b13","11_3_2020","11","3","2020","41.5"
"e716fa8b-62e8-463e-afad-ffbef362ade6","11_3_2020","11","3","2020","47"
"405035eb-32ab-4625-94cc-a668f73e341c","6_2_2020","6","2","2020","40.5"
"451a7fae-82fb-40f7-b9d1-c71ab4fdef32","17_4_2020","17","4","2020","40.83333333333333"
"41c4233e-bb22-44f2-bcb4-8f01061c0c28","50_11_2019","50","11","2019","46.5"
"be11fac5-4825-4caa-b0d5-1e3b4f0ecae9","17_4_2020","17","4","2020","40"
"f3c0fc94-161b-4960-ae2c-82fa663d1143","11_3_2020","11","3","2020","39.833333333333336"
"b6380033-1ff3-456e-b518-a7666e0c72e7","13_3_2020","13","3","2020","43"
"8aa34fdd-8885-4c15-a445-0b413705a326","16_4_2020","16","4","2020","33"
"e716fa8b-62e8-463e-afad-ffbef362ade6","10_3_2020","10","3","2020","61.5"
"dc12c3f1-9757-4406-a012-57758bcad921","19_5_2020","19","5","2020","40"
"6be2988f-3a43-4d88-b331-5d37b4a7aaab","12_3_2020","12","3","2020","47.5"
"360c64e0-63a2-409c-b2f2-5a73c3bdf70b","9_2_2020","9","2","2020","40.5"
"d1515707-ab10-49c1-893e-a60b70bd0364","19_5_2020","19","5","2020","40"
"89a590ca-884f-4936-b62d-c8f76d79002c","20_5_2020","20","5","2020","40"
"451a7fae-82fb-40f7-b9d1-c71ab4fdef32","7_2_2020","7","2","2020","40.166666666666664"
"75684d5f-2ab3-4aa8-a82b-e084b10f94b4","8_2_2020","8","2","2020","47"
"5880d293-567a-4b4a-bdb4-3cf7d9315181","17_4_2020","17","4","2020","40.25"
"e072544b-169c-4b5f-89ab-391faece6499","20_5_2020","20","5","2020","40"
"e0778632-e76a-49ba-9b1d-eb01eb8d8df5","20_5_2020","20","5","2020","39.5"
"5880d293-567a-4b4a-bdb4-3cf7d9315181","4_1_2020","4","1","2020","40.25"
"2da05f36-663d-45bd-bf97-407b305b74bf","17_4_2020","17","4","2020","48"
"41c4233e-bb22-44f2-bcb4-8f01061c0c28","2_1_2020","2","1","2020","39.25"
"be11fac5-4825-4caa-b0d5-1e3b4f0ecae9","13_3_2020","13","3","2020","40"
"41c4233e-bb22-44f2-bcb4-8f01061c0c28","14_3_2020","14","3","2020","16"
"41c4233e-bb22-44f2-bcb4-8f01061c0c28","14_4_2020","14","4","2020","24.5"
"451a7fae-82fb-40f7-b9d1-c71ab4fdef32","8_2_2020","8","2","2020","40.5"
"6be2988f-3a43-4d88-b331-5d37b4a7aaab","16_4_2020","16","4","2020","36"
"a415e194-bf55-4e97-8ee7-a7fa540ecc8e","16_4_2020","16","4","2020","40.5"
"4b9d592d-50e5-423c-b7e3-175aeea7e139","16_4_2020","16","4","2020","35.5"
"7cdcb7be-32fa-4231-8271-549422721c9b","19_5_2020","19","5","2020","51.25"
"4e010ff2-d5a1-42a6-aaaf-0a37e122cffb","16_4_2020","16","4","2020","8"
"49c65b55-8526-495b-94f2-3c653e2c1fb4","9_2_2020","9","2","2020","44.5"
"fcf15fac-0256-49af-b093-0235c4585e34","17_4_2020","17","4","2020","40.083333333333336"
"7cdcb7be-32fa-4231-8271-549422721c9b","18_4_2020","18","4","2020","34.5"
"5880d293-567a-4b4a-bdb4-3cf7d9315181","11_3_2020","11","3","2020","43.25"
"7cdcb7be-32fa-4231-8271-549422721c9b","16_4_2020","16","4","2020","32.75"
"e716fa8b-62e8-463e-afad-ffbef362ade6","9_2_2020","9","2","2020","40.25"
"19ba4751-2172-4be0-bf24-54c8ee2ee1c4","5_1_2020","5","1","2020","47"
"0d2a7e56-1519-4225-b7e3-ee857fd014d2","13_3_2020","13","3","2020","40"
"fcf15fac-0256-49af-b093-0235c4585e34","20_5_2020","20","5","2020","38.5"
"6be2988f-3a43-4d88-b331-5d37b4a7aaab","52_12_2019","52","12","2019","16"
"a415e194-bf55-4e97-8ee7-a7fa540ecc8e","17_4_2020","17","4","2020","56"
"e0778632-e76a-49ba-9b1d-eb01eb8d8df5","18_4_2020","18","4","2020","35"
"5880d293-567a-4b4a-bdb4-3cf7d9315181","5_1_2020","5","1","2020","44"
"343a795c-7ee4-40d1-8ef5-f93b85059a50","15_4_2020","15","4","2020","21.25"
"e072544b-169c-4b5f-89ab-391faece6499","21_5_2020","21","5","2020","32"
"4e010ff2-d5a1-42a6-aaaf-0a37e122cffb","17_4_2020","17","4","2020","9"
"b6380033-1ff3-456e-b518-a7666e0c72e7","14_3_2020","14","3","2020","16.5"
"b6380033-1ff3-456e-b518-a7666e0c72e7","14_4_2020","14","4","2020","25"
"6be2988f-3a43-4d88-b331-5d37b4a7aaab","13_3_2020","13","3","2020","49.5"
"f3c0fc94-161b-4960-ae2c-82fa663d1143","17_4_2020","17","4","2020","42.5"
"fcf15fac-0256-49af-b093-0235c4585e34","6_2_2020","6","2","2020","39.5"
"1847f009-b425-4e62-8286-f20e52fb7ef5","10_3_2020","10","3","2020","41"
"49c65b55-8526-495b-94f2-3c653e2c1fb4","10_3_2020","10","3","2020","38"
"6c9b5da3-bd2e-460c-98d9-f30f76867355","13_3_2020","13","3","2020","40"
"75684d5f-2ab3-4aa8-a82b-e084b10f94b4","19_5_2020","19","5","2020","40.75"
"451a7fae-82fb-40f7-b9d1-c71ab4fdef32","16_4_2020","16","4","2020","33.583333333333336"
"d1515707-ab10-49c1-893e-a60b70bd0364","20_5_2020","20","5","2020","40"
"49c65b55-8526-495b-94f2-3c653e2c1fb4","6_2_2020","6","2","2020","40.5"
"6be2988f-3a43-4d88-b331-5d37b4a7aaab","10_3_2020","10","3","2020","44"
"360c64e0-63a2-409c-b2f2-5a73c3bdf70b","14_3_2020","14","3","2020","15.5"
"360c64e0-63a2-409c-b2f2-5a73c3bdf70b","14_4_2020","14","4","2020","28"
"54573d03-85a0-4b2c-80e5-f3f4549e266b","14_3_2020","14","3","2020","15.25"
"54573d03-85a0-4b2c-80e5-f3f4549e266b","14_4_2020","14","4","2020","23.5"
"32cff9bb-65a2-4122-ad00-399992f58ea6","14_3_2020","14","3","2020","19.5"
"32cff9bb-65a2-4122-ad00-399992f58ea6","14_4_2020","14","4","2020","28.5"
"8aa34fdd-8885-4c15-a445-0b413705a326","13_3_2020","13","3","2020","40.25"
"89a590ca-884f-4936-b62d-c8f76d79002c","11_3_2020","11","3","2020","41.5"
"dc12c3f1-9757-4406-a012-57758bcad921","2_1_2020","2","1","2020","42"
"19ba4751-2172-4be0-bf24-54c8ee2ee1c4","8_2_2020","8","2","2020","43.5"
"6be2988f-3a43-4d88-b331-5d37b4a7aaab","11_3_2020","11","3","2020","46"
"f3c0fc94-161b-4960-ae2c-82fa663d1143","7_2_2020","7","2","2020","40"
"6c9b5da3-bd2e-460c-98d9-f30f76867355","15_4_2020","15","4","2020","24"
"41c4233e-bb22-44f2-bcb4-8f01061c0c28","7_2_2020","7","2","2020","41"
"e0778632-e76a-49ba-9b1d-eb01eb8d8df5","10_3_2020","10","3","2020","40"
"360c64e0-63a2-409c-b2f2-5a73c3bdf70b","15_4_2020","15","4","2020","23.5"
"89a590ca-884f-4936-b62d-c8f76d79002c","10_3_2020","10","3","2020","41.5"
"343a795c-7ee4-40d1-8ef5-f93b85059a50","20_5_2020","20","5","2020","37"
"41c4233e-bb22-44f2-bcb4-8f01061c0c28","5_1_2020","5","1","2020","41.25"
"e072544b-169c-4b5f-89ab-391faece6499","19_5_2020","19","5","2020","41"
"0d2a7e56-1519-4225-b7e3-ee857fd014d2","12_3_2020","12","3","2020","40.75"
"19ba4751-2172-4be0-bf24-54c8ee2ee1c4","9_2_2020","9","2","2020","44.5"
"d1515707-ab10-49c1-893e-a60b70bd0364","15_4_2020","15","4","2020","24"
"49c65b55-8526-495b-94f2-3c653e2c1fb4","17_4_2020","17","4","2020","40.25"
"75684d5f-2ab3-4aa8-a82b-e084b10f94b4","2_0_2020","2","0","2020","40"
"41c4233e-bb22-44f2-bcb4-8f01061c0c28","17_4_2020","17","4","2020","43.5"
"451a7fae-82fb-40f7-b9d1-c71ab4fdef32","9_2_2020","9","2","2020","41"
"89fe4a65-76ab-4126-82e2-52f425c11f21","5_1_2020","5","1","2020","42.5"
"75684d5f-2ab3-4aa8-a82b-e084b10f94b4","13_3_2020","13","3","2020","40.5"
"19ba4751-2172-4be0-bf24-54c8ee2ee1c4","10_3_2020","10","3","2020","49.5"
"1847f009-b425-4e62-8286-f20e52fb7ef5","51_11_2019","51","11","2019","37.5"
"4e010ff2-d5a1-42a6-aaaf-0a37e122cffb","6_2_2020","6","2","2020","8.5"
"e881fa18-07fa-4d42-b765-66644d717b65","15_4_2020","15","4","2020","23"
"41c4233e-bb22-44f2-bcb4-8f01061c0c28","3_1_2020","3","1","2020","40.25"
"89a590ca-884f-4936-b62d-c8f76d79002c","16_4_2020","16","4","2020","33"
"89fe4a65-76ab-4126-82e2-52f425c11f21","20_5_2020","20","5","2020","43"
"b6380033-1ff3-456e-b518-a7666e0c72e7","20_5_2020","20","5","2020","40"
"e0778632-e76a-49ba-9b1d-eb01eb8d8df5","16_4_2020","16","4","2020","32"
